λ,μ,p,n,snr,MSE
1.0,1.0,20.0,200.0,1.0,0.13959192770348292
1.0,1.0,21.0,200.0,1.0,0.158715557860202
1.0,1.0,23.0,200.0,1.0,0.1651968233865406
1.0,1.0,25.0,200.0,1.0,0.168463167766628
1.0,1.0,27.0,200.0,1.0,0.2144689263527902
1.0,1.0,29.0,200.0,1.0,0.21778280643700346
1.0,1.0,31.0,200.0,1.0,0.21840287170142947
1.0,1.0,34.0,200.0,1.0,0.2281395794858143
1.0,1.0,36.0,200.0,1.0,0.2664154416968688
1.0,1.0,39.0,200.0,1.0,0.26272476253900484
1.0,1.0,43.0,200.0,1.0,0.26539623697876025
1.0,1.0,46.0,200.0,1.0,0.2733354344900532
1.0,1.0,50.0,200.0,1.0,0.3515486033708655
1.0,1.0,54.0,200.0,1.0,0.35773364640070227
1.0,1.0,58.0,200.0,1.0,0.3623739839289986
1.0,1.0,63.0,200.0,1.0,0.44177297238245644
1.0,1.0,68.0,200.0,1.0,0.44100205721722685
1.0,1.0,73.0,200.0,1.0,0.49113901240814084
1.0,1.0,79.0,200.0,1.0,0.5842659624672457
1.0,1.0,85.0,200.0,1.0,0.6955216960377105
1.0,1.0,92.0,200.0,1.0,0.7848715421690338
1.0,1.0,100.0,200.0,1.0,0.7814276277723813
1.0,1.0,108.0,200.0,1.0,0.7431910130937349
1.0,1.0,116.0,200.0,1.0,0.9525349423474059
1.0,1.0,126.0,200.0,1.0,1.1789264208744286
1.0,1.0,136.0,200.0,1.0,1.348519704321324
1.0,1.0,147.0,200.0,1.0,2.134430989380558
1.0,1.0,158.0,200.0,1.0,3.0869999110002024
1.0,1.0,171.0,200.0,1.0,3.3055937474279693
1.0,1.0,185.0,200.0,1.0,19.75374786025894
1.0,1.0,200.0,200.0,1.0,1669.8870586712521
1.0,1.0,216.0,200.0,1.0,24.953192747205716
1.0,1.0,234.0,200.0,1.0,10.597001082502704
1.0,1.0,254.0,200.0,1.0,4.478589005664226
1.0,1.0,275.0,200.0,1.0,3.1080732373399615
1.0,1.0,297.0,200.0,1.0,2.632477299263796
1.0,1.0,322.0,200.0,1.0,2.1708652587098336
1.0,1.0,348.0,200.0,1.0,1.9109873926476677
1.0,1.0,377.0,200.0,1.0,1.6917007239697222
1.0,1.0,408.0,200.0,1.0,1.513192012845666
1.0,1.0,442.0,200.0,1.0,1.418329950366936
1.0,1.0,479.0,200.0,1.0,1.3043437923068384
1.0,1.0,518.0,200.0,1.0,1.267009612866684
1.0,1.0,561.0,200.0,1.0,1.2190973584372302
1.0,1.0,608.0,200.0,1.0,1.1775257739604774
1.0,1.0,658.0,200.0,1.0,1.1674358721410871
1.0,1.0,712.0,200.0,1.0,1.1418778067926498
1.0,1.0,771.0,200.0,1.0,1.1220699419285127
1.0,1.0,835.0,200.0,1.0,1.0879994010568905
1.0,1.0,904.0,200.0,1.0,1.0794930297620118
1.0,1.0,979.0,200.0,1.0,1.0636519611510566
1.0,1.0,1059.0,200.0,1.0,1.040933125158466
1.0,1.0,1147.0,200.0,1.0,1.030371548996282
1.0,1.0,1242.0,200.0,1.0,1.0245474534714885
1.0,1.0,1344.0,200.0,1.0,1.0216695048048736
1.0,1.0,1455.0,200.0,1.0,1.022929540852159
1.0,1.0,1576.0,200.0,1.0,1.0201635254526267
1.0,1.0,1706.0,200.0,1.0,1.0234953784962193
1.0,1.0,1847.0,200.0,1.0,1.0388332784049352
1.0,1.0,2000.0,200.0,1.0,1.0315735640716732
1.0,1.0,20.0,200.0,2.333333333333333,0.13959192770348267
1.0,1.0,21.0,200.0,2.333333333333333,0.1587155578602016
1.0,1.0,23.0,200.0,2.333333333333333,0.16519682338654074
1.0,1.0,25.0,200.0,2.333333333333333,0.16846316776662829
1.0,1.0,27.0,200.0,2.333333333333333,0.21446892635279033
1.0,1.0,29.0,200.0,2.333333333333333,0.21778280643700354
1.0,1.0,31.0,200.0,2.333333333333333,0.21840287170142955
1.0,1.0,34.0,200.0,2.333333333333333,0.22813957948581406
1.0,1.0,36.0,200.0,2.333333333333333,0.2664154416968689
1.0,1.0,39.0,200.0,2.333333333333333,0.2627247625390051
1.0,1.0,43.0,200.0,2.333333333333333,0.26539623697876
1.0,1.0,46.0,200.0,2.333333333333333,0.27333543449005326
1.0,1.0,50.0,200.0,2.333333333333333,0.351548603370866
1.0,1.0,54.0,200.0,2.333333333333333,0.3577336464007026
1.0,1.0,58.0,200.0,2.333333333333333,0.3623739839289985
1.0,1.0,63.0,200.0,2.333333333333333,0.44177297238245666
1.0,1.0,68.0,200.0,2.333333333333333,0.44100205721722685
1.0,1.0,73.0,200.0,2.333333333333333,0.49113901240814073
1.0,1.0,79.0,200.0,2.333333333333333,0.5842659624672455
1.0,1.0,85.0,200.0,2.333333333333333,0.6955216960377101
1.0,1.0,92.0,200.0,2.333333333333333,0.7848715421690344
1.0,1.0,100.0,200.0,2.333333333333333,0.7814276277723816
1.0,1.0,108.0,200.0,2.333333333333333,0.7431910130937338
1.0,1.0,116.0,200.0,2.333333333333333,0.952534942347405
1.0,1.0,126.0,200.0,2.333333333333333,1.1789264208744268
1.0,1.0,136.0,200.0,2.333333333333333,1.3485197043213242
1.0,1.0,147.0,200.0,2.333333333333333,2.1344309893805615
1.0,1.0,158.0,200.0,2.333333333333333,3.0869999110002104
1.0,1.0,171.0,200.0,2.333333333333333,3.3055937474279227
1.0,1.0,185.0,200.0,2.333333333333333,19.75374786025893
1.0,1.0,200.0,200.0,2.333333333333333,1669.8870586707394
1.0,1.0,216.0,200.0,2.333333333333333,25.046288332876305
1.0,1.0,234.0,200.0,2.333333333333333,10.743430162697344
1.0,1.0,254.0,200.0,2.333333333333333,4.799192238236837
1.0,1.0,275.0,200.0,2.333333333333333,3.4882273004285103
1.0,1.0,297.0,200.0,2.333333333333333,3.0836667160120657
1.0,1.0,322.0,200.0,2.333333333333333,2.6782557572417613
1.0,1.0,348.0,200.0,2.333333333333333,2.5085211386289608
1.0,1.0,377.0,200.0,2.333333333333333,2.3625917247654065
1.0,1.0,408.0,200.0,2.333333333333333,2.212306678543874
1.0,1.0,442.0,200.0,2.333333333333333,2.179884017164543
1.0,1.0,479.0,200.0,2.333333333333333,2.088713646798518
1.0,1.0,518.0,200.0,2.333333333333333,2.1258019902144034
1.0,1.0,561.0,200.0,2.333333333333333,2.1043346953804853
1.0,1.0,608.0,200.0,2.333333333333333,2.0872766580628355
1.0,1.0,658.0,200.0,2.333333333333333,2.126654585140988
1.0,1.0,712.0,200.0,2.333333333333333,2.1338949099557323
1.0,1.0,771.0,200.0,2.333333333333333,2.143192349141433
1.0,1.0,835.0,200.0,2.333333333333333,2.1238536192708177
1.0,1.0,904.0,200.0,2.333333333333333,2.1438091717268772
1.0,1.0,979.0,200.0,2.333333333333333,2.130202814730701
1.0,1.0,1059.0,200.0,2.333333333333333,2.119892781344874
1.0,1.0,1147.0,200.0,2.333333333333333,2.1277572682283297
1.0,1.0,1242.0,200.0,2.333333333333333,2.131592157367101
1.0,1.0,1344.0,200.0,2.333333333333333,2.13659533892283
1.0,1.0,1455.0,200.0,2.333333333333333,2.1655786105162327
1.0,1.0,1576.0,200.0,2.333333333333333,2.1710011944691074
1.0,1.0,1706.0,200.0,2.333333333333333,2.199786331573569
1.0,1.0,1847.0,200.0,2.333333333333333,2.2356876243270634
1.0,1.0,2000.0,200.0,2.333333333333333,2.2316640102702108
1.0,1.0,20.0,200.0,3.6666666666666665,0.13959192770348258
1.0,1.0,21.0,200.0,3.6666666666666665,0.1587155578602016
1.0,1.0,23.0,200.0,3.6666666666666665,0.1651968233865406
1.0,1.0,25.0,200.0,3.6666666666666665,0.16846316776662826
1.0,1.0,27.0,200.0,3.6666666666666665,0.2144689263527901
1.0,1.0,29.0,200.0,3.6666666666666665,0.21778280643700354
1.0,1.0,31.0,200.0,3.6666666666666665,0.21840287170142955
1.0,1.0,34.0,200.0,3.6666666666666665,0.228139579485814
1.0,1.0,36.0,200.0,3.6666666666666665,0.26641544169686865
1.0,1.0,39.0,200.0,3.6666666666666665,0.26272476253900506
1.0,1.0,43.0,200.0,3.6666666666666665,0.2653962369787603
1.0,1.0,46.0,200.0,3.6666666666666665,0.2733354344900535
1.0,1.0,50.0,200.0,3.6666666666666665,0.35154860337086613
1.0,1.0,54.0,200.0,3.6666666666666665,0.35773364640070315
1.0,1.0,58.0,200.0,3.6666666666666665,0.3623739839289984
1.0,1.0,63.0,200.0,3.6666666666666665,0.44177297238245683
1.0,1.0,68.0,200.0,3.6666666666666665,0.4410020572172267
1.0,1.0,73.0,200.0,3.6666666666666665,0.49113901240814045
1.0,1.0,79.0,200.0,3.6666666666666665,0.584265962467245
1.0,1.0,85.0,200.0,3.6666666666666665,0.6955216960377097
1.0,1.0,92.0,200.0,3.6666666666666665,0.784871542169034
1.0,1.0,100.0,200.0,3.6666666666666665,0.7814276277723817
1.0,1.0,108.0,200.0,3.6666666666666665,0.7431910130937333
1.0,1.0,116.0,200.0,3.6666666666666665,0.9525349423474039
1.0,1.0,126.0,200.0,3.6666666666666665,1.178926420874425
1.0,1.0,136.0,200.0,3.6666666666666665,1.3485197043213248
1.0,1.0,147.0,200.0,3.6666666666666665,2.1344309893805637
1.0,1.0,158.0,200.0,3.6666666666666665,3.0869999110002166
1.0,1.0,171.0,200.0,3.6666666666666665,3.3055937474278863
1.0,1.0,185.0,200.0,3.6666666666666665,19.753747860258912
1.0,1.0,200.0,200.0,3.6666666666666665,1669.8870586703638
1.0,1.0,216.0,200.0,3.6666666666666665,25.13590293405601
1.0,1.0,234.0,200.0,3.6666666666666665,10.889813178911234
1.0,1.0,254.0,200.0,3.6666666666666665,5.120062067329884
1.0,1.0,275.0,200.0,3.6666666666666665,3.868957634240151
1.0,1.0,297.0,200.0,3.6666666666666665,3.538244405782204
1.0,1.0,322.0,200.0,3.6666666666666665,3.1859977306906657
1.0,1.0,348.0,200.0,3.6666666666666665,3.1084522039306997
1.0,1.0,377.0,200.0,3.6666666666666665,3.03675513537741
1.0,1.0,408.0,200.0,3.6666666666666665,2.9135722787543092
1.0,1.0,442.0,200.0,3.6666666666666665,2.9438151900611222
1.0,1.0,479.0,200.0,3.6666666666666665,2.875773986379555
1.0,1.0,518.0,200.0,3.6666666666666665,2.9854988290268243
1.0,1.0,561.0,200.0,3.6666666666666665,2.9896527271790836
1.0,1.0,608.0,200.0,3.6666666666666665,2.9974476006681496
1.0,1.0,658.0,200.0,3.6666666666666665,3.0850073762669967
1.0,1.0,712.0,200.0,3.6666666666666665,3.1242908221190078
1.0,1.0,771.0,200.0,3.6666666666666665,3.1628475639549785
1.0,1.0,835.0,200.0,3.6666666666666665,3.1585046445975022
1.0,1.0,904.0,200.0,3.6666666666666665,3.206970582006909
1.0,1.0,979.0,200.0,3.6666666666666665,3.1957609664025166
1.0,1.0,1059.0,200.0,3.6666666666666665,3.1989932252527735
1.0,1.0,1147.0,200.0,3.6666666666666665,3.225390568775407
1.0,1.0,1242.0,200.0,3.6666666666666665,3.237715641634989
1.0,1.0,1344.0,200.0,3.6666666666666665,3.250645584100004
1.0,1.0,1455.0,200.0,3.6666666666666665,3.307928247684059
1.0,1.0,1576.0,200.0,3.6666666666666665,3.3208496036920545
1.0,1.0,1706.0,200.0,3.6666666666666665,3.375405008848157
1.0,1.0,1847.0,200.0,3.6666666666666665,3.4317558938934134
1.0,1.0,2000.0,200.0,3.6666666666666665,3.4302482252665105
1.0,1.0,20.0,200.0,5.0,0.13959192770348258
1.0,1.0,21.0,200.0,5.0,0.15871555786020175
1.0,1.0,23.0,200.0,5.0,0.16519682338654051
1.0,1.0,25.0,200.0,5.0,0.16846316776662848
1.0,1.0,27.0,200.0,5.0,0.21446892635279027
1.0,1.0,29.0,200.0,5.0,0.21778280643700337
1.0,1.0,31.0,200.0,5.0,0.21840287170142966
1.0,1.0,34.0,200.0,5.0,0.22813957948581395
1.0,1.0,36.0,200.0,5.0,0.2664154416968687
1.0,1.0,39.0,200.0,5.0,0.262724762539005
1.0,1.0,43.0,200.0,5.0,0.26539623697876014
1.0,1.0,46.0,200.0,5.0,0.2733354344900535
1.0,1.0,50.0,200.0,5.0,0.3515486033708663
1.0,1.0,54.0,200.0,5.0,0.35773364640070343
1.0,1.0,58.0,200.0,5.0,0.3623739839289986
1.0,1.0,63.0,200.0,5.0,0.4417729723824567
1.0,1.0,68.0,200.0,5.0,0.4410020572172268
1.0,1.0,73.0,200.0,5.0,0.49113901240814084
1.0,1.0,79.0,200.0,5.0,0.5842659624672449
1.0,1.0,85.0,200.0,5.0,0.6955216960377094
1.0,1.0,92.0,200.0,5.0,0.7848715421690343
1.0,1.0,100.0,200.0,5.0,0.7814276277723821
1.0,1.0,108.0,200.0,5.0,0.7431910130937326
1.0,1.0,116.0,200.0,5.0,0.952534942347403
1.0,1.0,126.0,200.0,5.0,1.1789264208744243
1.0,1.0,136.0,200.0,5.0,1.3485197043213257
1.0,1.0,147.0,200.0,5.0,2.1344309893805655
1.0,1.0,158.0,200.0,5.0,3.0869999110002233
1.0,1.0,171.0,200.0,5.0,3.3055937474278565
1.0,1.0,185.0,200.0,5.0,19.753747860258905
1.0,1.0,200.0,200.0,5.0,1669.887058670052
1.0,1.0,216.0,200.0,5.0,25.223875935937723
1.0,1.0,234.0,200.0,5.0,11.036174471788303
1.0,1.0,254.0,200.0,5.0,5.441057620815533
1.0,1.0,275.0,200.0,5.0,4.249959731863704
1.0,1.0,297.0,200.0,5.0,3.9944199730001193
1.0,1.0,322.0,200.0,5.0,3.6939054563796336
1.0,1.0,348.0,200.0,5.0,3.7095138223054964
1.0,1.0,377.0,200.0,5.0,3.7124617834474454
1.0,1.0,408.0,200.0,5.0,3.6158522392971455
1.0,1.0,442.0,200.0,5.0,3.708867383667074
1.0,1.0,479.0,200.0,5.0,3.6641031332320555
1.0,1.0,518.0,200.0,5.0,3.8456222032947758
1.0,1.0,561.0,200.0,5.0,3.875008813906727
1.0,1.0,608.0,200.0,5.0,3.907816638882713
1.0,1.0,658.0,200.0,5.0,4.0429518068432815
1.0,1.0,712.0,200.0,5.0,4.113922195970167
1.0,1.0,771.0,200.0,5.0,4.181810864736982
1.0,1.0,835.0,200.0,5.0,4.19258825556075
1.0,1.0,904.0,200.0,5.0,4.26958743176731
1.0,1.0,979.0,200.0,5.0,4.260850969262047
1.0,1.0,1059.0,200.0,5.0,4.278160063315954
1.0,1.0,1147.0,200.0,5.0,4.323140626324436
1.0,1.0,1242.0,200.0,5.0,4.34340468745648
1.0,1.0,1344.0,200.0,5.0,4.36428290983032
1.0,1.0,1455.0,200.0,5.0,4.45013667532425
1.0,1.0,1576.0,200.0,5.0,4.4702314873712
1.0,1.0,1706.0,200.0,5.0,4.550706647225064
1.0,1.0,1847.0,200.0,5.0,4.627453457299719
1.0,1.0,2000.0,200.0,5.0,4.628122115901795
3.0,1.0,20.0,200.0,1.0,0.1393921908298468
3.0,1.0,21.0,200.0,1.0,0.15670707765895528
3.0,1.0,23.0,200.0,1.0,0.16358697715091666
3.0,1.0,25.0,200.0,1.0,0.1671342043376381
3.0,1.0,27.0,200.0,1.0,0.21635609490623792
3.0,1.0,29.0,200.0,1.0,0.21954350245785226
3.0,1.0,31.0,200.0,1.0,0.2202164570903742
3.0,1.0,34.0,200.0,1.0,0.23003719159056965
3.0,1.0,36.0,200.0,1.0,0.2650764471762322
3.0,1.0,39.0,200.0,1.0,0.26156650354500177
3.0,1.0,43.0,200.0,1.0,0.26311325872745017
3.0,1.0,46.0,200.0,1.0,0.2720817132045187
3.0,1.0,50.0,200.0,1.0,0.3531881781597637
3.0,1.0,54.0,200.0,1.0,0.3571020903879872
3.0,1.0,58.0,200.0,1.0,0.3613177121524689
3.0,1.0,63.0,200.0,1.0,0.4444885367120401
3.0,1.0,68.0,200.0,1.0,0.44426102406420087
3.0,1.0,73.0,200.0,1.0,0.4924931122430975
3.0,1.0,79.0,200.0,1.0,0.580818701761097
3.0,1.0,85.0,200.0,1.0,0.6891663434125281
3.0,1.0,92.0,200.0,1.0,0.7811546012515055
3.0,1.0,100.0,200.0,1.0,0.7837987353959919
3.0,1.0,108.0,200.0,1.0,0.7465134282724739
3.0,1.0,116.0,200.0,1.0,0.9442750664902713
3.0,1.0,126.0,200.0,1.0,1.0831607952767586
3.0,1.0,136.0,200.0,1.0,1.250135824232514
3.0,1.0,147.0,200.0,1.0,1.8193020267846127
3.0,1.0,158.0,200.0,1.0,3.027766631866388
3.0,1.0,171.0,200.0,1.0,3.551824776677847
3.0,1.0,185.0,200.0,1.0,21.53073824185859
3.0,1.0,200.0,200.0,1.0,1296.971265787974
3.0,1.0,216.0,200.0,1.0,22.747656231817313
3.0,1.0,234.0,200.0,1.0,10.68269119164933
3.0,1.0,254.0,200.0,1.0,4.424634185949635
3.0,1.0,275.0,200.0,1.0,3.0202401734782467
3.0,1.0,297.0,200.0,1.0,2.510167982681976
3.0,1.0,322.0,200.0,1.0,2.0280982003974586
3.0,1.0,348.0,200.0,1.0,1.7507720045439163
3.0,1.0,377.0,200.0,1.0,1.5341174025420294
3.0,1.0,408.0,200.0,1.0,1.3414506273904174
3.0,1.0,442.0,200.0,1.0,1.2543314518652169
3.0,1.0,479.0,200.0,1.0,1.1497725559394676
3.0,1.0,518.0,200.0,1.0,1.1357666689516428
3.0,1.0,561.0,200.0,1.0,1.1117609427077841
3.0,1.0,608.0,200.0,1.0,1.1349813230810515
3.0,1.0,658.0,200.0,1.0,1.1636546031135662
3.0,1.0,712.0,200.0,1.0,1.1652016528747797
3.0,1.0,771.0,200.0,1.0,1.2516798571634709
3.0,1.0,835.0,200.0,1.0,1.278420980480114
3.0,1.0,904.0,200.0,1.0,1.3797781904274133
3.0,1.0,979.0,200.0,1.0,1.4230718612985207
3.0,1.0,1059.0,200.0,1.0,1.4876832247871072
3.0,1.0,1147.0,200.0,1.0,1.5630056258481886
3.0,1.0,1242.0,200.0,1.0,1.650169856237521
3.0,1.0,1344.0,200.0,1.0,1.7522514643680136
3.0,1.0,1455.0,200.0,1.0,1.9725201311241014
3.0,1.0,1576.0,200.0,1.0,2.029184022673995
3.0,1.0,1706.0,200.0,1.0,2.2957831718407675
3.0,1.0,1847.0,200.0,1.0,2.5280519115908793
3.0,1.0,2000.0,200.0,1.0,2.484221668509319
3.0,1.0,20.0,200.0,2.333333333333333,0.1393921908298467
3.0,1.0,21.0,200.0,2.333333333333333,0.15670707765895553
3.0,1.0,23.0,200.0,2.333333333333333,0.1635869771509165
3.0,1.0,25.0,200.0,2.333333333333333,0.16713420433763831
3.0,1.0,27.0,200.0,2.333333333333333,0.21635609490623756
3.0,1.0,29.0,200.0,2.333333333333333,0.21954350245785223
3.0,1.0,31.0,200.0,2.333333333333333,0.22021645709037438
3.0,1.0,34.0,200.0,2.333333333333333,0.23003719159056946
3.0,1.0,36.0,200.0,2.333333333333333,0.26507644717623213
3.0,1.0,39.0,200.0,2.333333333333333,0.26156650354500166
3.0,1.0,43.0,200.0,2.333333333333333,0.26311325872745017
3.0,1.0,46.0,200.0,2.333333333333333,0.272081713204519
3.0,1.0,50.0,200.0,2.333333333333333,0.3531881781597636
3.0,1.0,54.0,200.0,2.333333333333333,0.3571020903879871
3.0,1.0,58.0,200.0,2.333333333333333,0.3613177121524687
3.0,1.0,63.0,200.0,2.333333333333333,0.4444885367120405
3.0,1.0,68.0,200.0,2.333333333333333,0.4442610240642005
3.0,1.0,73.0,200.0,2.333333333333333,0.49249311224309783
3.0,1.0,79.0,200.0,2.333333333333333,0.5808187017610966
3.0,1.0,85.0,200.0,2.333333333333333,0.6891663434125287
3.0,1.0,92.0,200.0,2.333333333333333,0.7811546012515049
3.0,1.0,100.0,200.0,2.333333333333333,0.7837987353959932
3.0,1.0,108.0,200.0,2.333333333333333,0.7465134282724746
3.0,1.0,116.0,200.0,2.333333333333333,0.9442750664902706
3.0,1.0,126.0,200.0,2.333333333333333,1.08316079527676
3.0,1.0,136.0,200.0,2.333333333333333,1.2501358242325153
3.0,1.0,147.0,200.0,2.333333333333333,1.8193020267846114
3.0,1.0,158.0,200.0,2.333333333333333,3.0277666318663936
3.0,1.0,171.0,200.0,2.333333333333333,3.551824776677866
3.0,1.0,185.0,200.0,2.333333333333333,21.53073824185857
3.0,1.0,200.0,200.0,2.333333333333333,1296.9712657884036
3.0,1.0,216.0,200.0,2.333333333333333,22.79708694701393
3.0,1.0,234.0,200.0,2.333333333333333,10.764292546112756
3.0,1.0,254.0,200.0,2.333333333333333,4.628236741667226
3.0,1.0,275.0,200.0,2.333333333333333,3.2615920046369187
3.0,1.0,297.0,200.0,2.333333333333333,2.765767134306512
3.0,1.0,322.0,200.0,2.333333333333333,2.3301998625839433
3.0,1.0,348.0,200.0,2.333333333333333,2.1148882643603755
3.0,1.0,377.0,200.0,2.333333333333333,1.974712800437797
3.0,1.0,408.0,200.0,2.333333333333333,1.8040347807528014
3.0,1.0,442.0,200.0,2.333333333333333,1.7888075354171236
3.0,1.0,479.0,200.0,2.333333333333333,1.7202807372966948
3.0,1.0,518.0,200.0,2.333333333333333,1.8124737831046873
3.0,1.0,561.0,200.0,2.333333333333333,1.8499902813949514
3.0,1.0,608.0,200.0,2.333333333333333,1.9730905148854363
3.0,1.0,658.0,200.0,2.333333333333333,2.113173711588727
3.0,1.0,712.0,200.0,2.333333333333333,2.1974909650497154
3.0,1.0,771.0,200.0,2.333333333333333,2.425614325734291
3.0,1.0,835.0,200.0,2.333333333333333,2.545895589040493
3.0,1.0,904.0,200.0,2.333333333333333,2.801122461312006
3.0,1.0,979.0,200.0,2.333333333333333,2.9149326228463015
3.0,1.0,1059.0,200.0,2.333333333333333,3.1058253602142267
3.0,1.0,1147.0,200.0,2.333333333333333,3.314236748124771
3.0,1.0,1242.0,200.0,2.333333333333333,3.531849951716449
3.0,1.0,1344.0,200.0,2.333333333333333,3.789700514333241
3.0,1.0,1455.0,200.0,2.333333333333333,4.344777607936182
3.0,1.0,1576.0,200.0,2.333333333333333,4.477360911116284
3.0,1.0,1706.0,200.0,2.333333333333333,5.108518653854115
3.0,1.0,1847.0,200.0,2.333333333333333,5.673684296701928
3.0,1.0,2000.0,200.0,2.333333333333333,5.574616183443133
3.0,1.0,20.0,200.0,3.6666666666666665,0.13939219082984677
3.0,1.0,21.0,200.0,3.6666666666666665,0.15670707765895558
3.0,1.0,23.0,200.0,3.6666666666666665,0.16358697715091625
3.0,1.0,25.0,200.0,3.6666666666666665,0.16713420433763865
3.0,1.0,27.0,200.0,3.6666666666666665,0.21635609490623747
3.0,1.0,29.0,200.0,3.6666666666666665,0.21954350245785237
3.0,1.0,31.0,200.0,3.6666666666666665,0.22021645709037438
3.0,1.0,34.0,200.0,3.6666666666666665,0.23003719159056918
3.0,1.0,36.0,200.0,3.6666666666666665,0.2650764471762321
3.0,1.0,39.0,200.0,3.6666666666666665,0.26156650354500144
3.0,1.0,43.0,200.0,3.6666666666666665,0.26311325872745
3.0,1.0,46.0,200.0,3.6666666666666665,0.2720817132045192
3.0,1.0,50.0,200.0,3.6666666666666665,0.35318817815976344
3.0,1.0,54.0,200.0,3.6666666666666665,0.3571020903879871
3.0,1.0,58.0,200.0,3.6666666666666665,0.3613177121524687
3.0,1.0,63.0,200.0,3.6666666666666665,0.4444885367120407
3.0,1.0,68.0,200.0,3.6666666666666665,0.4442610240642006
3.0,1.0,73.0,200.0,3.6666666666666665,0.49249311224309766
3.0,1.0,79.0,200.0,3.6666666666666665,0.5808187017610964
3.0,1.0,85.0,200.0,3.6666666666666665,0.6891663434125289
3.0,1.0,92.0,200.0,3.6666666666666665,0.7811546012515049
3.0,1.0,100.0,200.0,3.6666666666666665,0.783798735395994
3.0,1.0,108.0,200.0,3.6666666666666665,0.7465134282724754
3.0,1.0,116.0,200.0,3.6666666666666665,0.9442750664902698
3.0,1.0,126.0,200.0,3.6666666666666665,1.0831607952767592
3.0,1.0,136.0,200.0,3.6666666666666665,1.2501358242325162
3.0,1.0,147.0,200.0,3.6666666666666665,1.8193020267846085
3.0,1.0,158.0,200.0,3.6666666666666665,3.0277666318663976
3.0,1.0,171.0,200.0,3.6666666666666665,3.551824776677882
3.0,1.0,185.0,200.0,3.6666666666666665,21.530738241858543
3.0,1.0,200.0,200.0,3.6666666666666665,1296.97126578872
3.0,1.0,216.0,200.0,3.6666666666666665,22.843045554813127
3.0,1.0,234.0,200.0,3.6666666666666665,10.84443933163867
3.0,1.0,254.0,200.0,3.6666666666666665,4.830969696515154
3.0,1.0,275.0,200.0,3.6666666666666665,3.5033547320111693
3.0,1.0,297.0,200.0,3.6666666666666665,3.0230647709333316
3.0,1.0,322.0,200.0,3.6666666666666665,2.631630121213201
3.0,1.0,348.0,200.0,3.6666666666666665,2.479051702078202
3.0,1.0,377.0,200.0,3.6666666666666665,2.4140569207877194
3.0,1.0,408.0,200.0,3.6666666666666665,2.267470921076755
3.0,1.0,442.0,200.0,3.6666666666666665,2.324373980701916
3.0,1.0,479.0,200.0,3.6666666666666665,2.2924633599090676
3.0,1.0,518.0,200.0,3.6666666666666665,2.4889839305062726
3.0,1.0,561.0,200.0,3.6666666666666665,2.5877389906747967
3.0,1.0,608.0,200.0,3.6666666666666665,2.809036714038792
3.0,1.0,658.0,200.0,3.6666666666666665,3.061055511598183
3.0,1.0,712.0,200.0,3.6666666666666665,3.229828917329315
3.0,1.0,771.0,200.0,3.6666666666666665,3.5946966239592912
3.0,1.0,835.0,200.0,3.6666666666666665,3.808486488121108
3.0,1.0,904.0,200.0,3.6666666666666665,4.213972743490693
3.0,1.0,979.0,200.0,3.6666666666666665,4.396340584298792
3.0,1.0,1059.0,200.0,3.6666666666666665,4.71445134444871
3.0,1.0,1147.0,200.0,3.6666666666666665,5.055604969889818
3.0,1.0,1242.0,200.0,3.6666666666666665,5.40232649863435
3.0,1.0,1344.0,200.0,3.6666666666666665,5.815786258941969
3.0,1.0,1455.0,200.0,3.6666666666666665,6.708986610744649
3.0,1.0,1576.0,200.0,3.6666666666666665,6.914142469065539
3.0,1.0,1706.0,200.0,3.6666666666666665,7.909105310096741
3.0,1.0,1847.0,200.0,3.6666666666666665,8.808677983797004
3.0,1.0,2000.0,200.0,3.6666666666666665,8.652612524299402
3.0,1.0,20.0,200.0,5.0,0.1393921908298469
3.0,1.0,21.0,200.0,5.0,0.15670707765895536
3.0,1.0,23.0,200.0,5.0,0.16358697715091597
3.0,1.0,25.0,200.0,5.0,0.1671342043376385
3.0,1.0,27.0,200.0,5.0,0.21635609490623764
3.0,1.0,29.0,200.0,5.0,0.2195435024578523
3.0,1.0,31.0,200.0,5.0,0.22021645709037443
3.0,1.0,34.0,200.0,5.0,0.23003719159056918
3.0,1.0,36.0,200.0,5.0,0.26507644717623197
3.0,1.0,39.0,200.0,5.0,0.2615665035450018
3.0,1.0,43.0,200.0,5.0,0.2631132587274502
3.0,1.0,46.0,200.0,5.0,0.2720817132045192
3.0,1.0,50.0,200.0,5.0,0.3531881781597633
3.0,1.0,54.0,200.0,5.0,0.3571020903879872
3.0,1.0,58.0,200.0,5.0,0.3613177121524689
3.0,1.0,63.0,200.0,5.0,0.4444885367120406
3.0,1.0,68.0,200.0,5.0,0.4442610240642007
3.0,1.0,73.0,200.0,5.0,0.4924931122430976
3.0,1.0,79.0,200.0,5.0,0.5808187017610963
3.0,1.0,85.0,200.0,5.0,0.6891663434125294
3.0,1.0,92.0,200.0,5.0,0.7811546012515047
3.0,1.0,100.0,200.0,5.0,0.7837987353959952
3.0,1.0,108.0,200.0,5.0,0.7465134282724754
3.0,1.0,116.0,200.0,5.0,0.9442750664902684
3.0,1.0,126.0,200.0,5.0,1.08316079527676
3.0,1.0,136.0,200.0,5.0,1.2501358242325176
3.0,1.0,147.0,200.0,5.0,1.8193020267846103
3.0,1.0,158.0,200.0,5.0,3.0277666318664007
3.0,1.0,171.0,200.0,5.0,3.551824776677892
3.0,1.0,185.0,200.0,5.0,21.53073824185852
3.0,1.0,200.0,200.0,5.0,1296.9712657889781
3.0,1.0,216.0,200.0,5.0,22.887366749667468
3.0,1.0,234.0,200.0,5.0,10.923900156238025
3.0,1.0,254.0,200.0,5.0,5.033292555833827
3.0,1.0,275.0,200.0,5.0,3.745311234146792
3.0,1.0,297.0,200.0,5.0,3.28116339699135
3.0,1.0,322.0,200.0,5.0,2.9327437522875
3.0,1.0,348.0,200.0,5.0,2.84323738844723
3.0,1.0,377.0,200.0,5.0,2.8528109505048795
3.0,1.0,408.0,200.0,5.0,2.7313088503778498
3.0,1.0,442.0,200.0,5.0,2.8604546302470073
3.0,1.0,479.0,200.0,5.0,2.86543563314935
3.0,1.0,518.0,200.0,5.0,3.165401190254451
3.0,1.0,561.0,200.0,5.0,3.325261039680893
3.0,1.0,608.0,200.0,5.0,3.643962866355752
3.0,1.0,658.0,200.0,5.0,4.008165172451344
3.0,1.0,712.0,200.0,5.0,4.262189807821335
3.0,1.0,771.0,200.0,5.0,4.761490684631304
3.0,1.0,835.0,200.0,5.0,5.068774276092058
3.0,1.0,904.0,200.0,5.0,5.622817341089869
3.0,1.0,979.0,200.0,5.0,5.8728191042834
3.0,1.0,1059.0,200.0,5.0,6.3185896019615555
3.0,1.0,1147.0,200.0,5.0,6.7923219412404405
3.0,1.0,1242.0,200.0,5.0,7.267519558222491
3.0,1.0,1344.0,200.0,5.0,7.836513176430139
3.0,1.0,1455.0,200.0,5.0,9.069400029485267
3.0,1.0,1576.0,200.0,5.0,9.345550097143345
3.0,1.0,1706.0,200.0,5.0,10.703962695235509
3.0,1.0,1847.0,200.0,5.0,11.938654561726505
3.0,1.0,2000.0,200.0,5.0,11.724762003753296
5.0,1.0,20.0,200.0,1.0,0.13923925465120165
5.0,1.0,21.0,200.0,1.0,0.1552456434811432
5.0,1.0,23.0,200.0,1.0,0.16272904200769187
5.0,1.0,25.0,200.0,1.0,0.16646422633265642
5.0,1.0,27.0,200.0,1.0,0.21810618753859035
5.0,1.0,29.0,200.0,1.0,0.22129819085983168
5.0,1.0,31.0,200.0,1.0,0.22218211861854079
5.0,1.0,34.0,200.0,1.0,0.2319232975540828
5.0,1.0,36.0,200.0,1.0,0.26570807319078077
5.0,1.0,39.0,200.0,1.0,0.2621511751034445
5.0,1.0,43.0,200.0,1.0,0.26328757996642915
5.0,1.0,46.0,200.0,1.0,0.27310987885749066
5.0,1.0,50.0,200.0,1.0,0.3545376236536354
5.0,1.0,54.0,200.0,1.0,0.3575289042455576
5.0,1.0,58.0,200.0,1.0,0.3618572160836362
5.0,1.0,63.0,200.0,1.0,0.44652609669542354
5.0,1.0,68.0,200.0,1.0,0.4457140497791421
5.0,1.0,73.0,200.0,1.0,0.4933177718742742
5.0,1.0,79.0,200.0,1.0,0.5796840191952848
5.0,1.0,85.0,200.0,1.0,0.6873520989115989
5.0,1.0,92.0,200.0,1.0,0.7808185904704398
5.0,1.0,100.0,200.0,1.0,0.785518160563992
5.0,1.0,108.0,200.0,1.0,0.747544038750139
5.0,1.0,116.0,200.0,1.0,0.9435642626857296
5.0,1.0,126.0,200.0,1.0,1.0495663157269235
5.0,1.0,136.0,200.0,1.0,1.2202378343703246
5.0,1.0,147.0,200.0,1.0,1.7467732631034574
5.0,1.0,158.0,200.0,1.0,3.0782365779882195
5.0,1.0,171.0,200.0,1.0,3.639409625540261
5.0,1.0,185.0,200.0,1.0,21.65388366359535
5.0,1.0,200.0,200.0,1.0,1205.2303137883491
5.0,1.0,216.0,200.0,1.0,20.855517841859854
5.0,1.0,234.0,200.0,1.0,10.547420104932613
5.0,1.0,254.0,200.0,1.0,4.357523015376922
5.0,1.0,275.0,200.0,1.0,2.9448282165266866
5.0,1.0,297.0,200.0,1.0,2.427957643541006
5.0,1.0,322.0,200.0,1.0,1.9296205154208919
5.0,1.0,348.0,200.0,1.0,1.6329116197621447
5.0,1.0,377.0,200.0,1.0,1.3956896626053932
5.0,1.0,408.0,200.0,1.0,1.1941238896559676
5.0,1.0,442.0,200.0,1.0,1.0877594258300252
5.0,1.0,479.0,200.0,1.0,0.9792389930082962
5.0,1.0,518.0,200.0,1.0,0.9339853321213102
5.0,1.0,561.0,200.0,1.0,0.9005907430799419
5.0,1.0,608.0,200.0,1.0,0.9020002646769785
5.0,1.0,658.0,200.0,1.0,0.9040966403287198
5.0,1.0,712.0,200.0,1.0,0.8862655032473089
5.0,1.0,771.0,200.0,1.0,0.9468157593469204
5.0,1.0,835.0,200.0,1.0,1.2288706002281713
5.0,1.0,904.0,200.0,1.0,1.0389122468315195
5.0,1.0,979.0,200.0,1.0,1.071072787989898
5.0,1.0,1059.0,200.0,1.0,1.1060741913090837
5.0,1.0,1147.0,200.0,1.0,1.1750664652138407
5.0,1.0,1242.0,200.0,1.0,1.2510533458146147
5.0,1.0,1344.0,200.0,1.0,1.7875238637347883
5.0,1.0,1455.0,200.0,1.0,2.06282988267579
5.0,1.0,1576.0,200.0,1.0,2.0966962956265993
5.0,1.0,1706.0,200.0,1.0,1.9819622278220281
5.0,1.0,1847.0,200.0,1.0,2.352580808469363
5.0,1.0,2000.0,200.0,1.0,2.0973996364315717
5.0,1.0,20.0,200.0,2.333333333333333,0.1392392546512018
5.0,1.0,21.0,200.0,2.333333333333333,0.15524564348114328
5.0,1.0,23.0,200.0,2.333333333333333,0.16272904200769164
5.0,1.0,25.0,200.0,2.333333333333333,0.16646422633265665
5.0,1.0,27.0,200.0,2.333333333333333,0.2181061875385904
5.0,1.0,29.0,200.0,2.333333333333333,0.22129819085983213
5.0,1.0,31.0,200.0,2.333333333333333,0.22218211861854092
5.0,1.0,34.0,200.0,2.333333333333333,0.23192329755408278
5.0,1.0,36.0,200.0,2.333333333333333,0.26570807319078055
5.0,1.0,39.0,200.0,2.333333333333333,0.26215117510344454
5.0,1.0,43.0,200.0,2.333333333333333,0.2632875799664295
5.0,1.0,46.0,200.0,2.333333333333333,0.2731098788574904
5.0,1.0,50.0,200.0,2.333333333333333,0.35453762365363567
5.0,1.0,54.0,200.0,2.333333333333333,0.357528904245558
5.0,1.0,58.0,200.0,2.333333333333333,0.3618572160836362
5.0,1.0,63.0,200.0,2.333333333333333,0.4465260966954238
5.0,1.0,68.0,200.0,2.333333333333333,0.4457140497791421
5.0,1.0,73.0,200.0,2.333333333333333,0.4933177718742746
5.0,1.0,79.0,200.0,2.333333333333333,0.5796840191952848
5.0,1.0,85.0,200.0,2.333333333333333,0.6873520989115984
5.0,1.0,92.0,200.0,2.333333333333333,0.7808185904704382
5.0,1.0,100.0,200.0,2.333333333333333,0.7855181605639932
5.0,1.0,108.0,200.0,2.333333333333333,0.7475440387501393
5.0,1.0,116.0,200.0,2.333333333333333,0.9435642626857296
5.0,1.0,126.0,200.0,2.333333333333333,1.049566315726922
5.0,1.0,136.0,200.0,2.333333333333333,1.2202378343703262
5.0,1.0,147.0,200.0,2.333333333333333,1.7467732631034654
5.0,1.0,158.0,200.0,2.333333333333333,3.0782365779882257
5.0,1.0,171.0,200.0,2.333333333333333,3.639409625540267
5.0,1.0,185.0,200.0,2.333333333333333,21.653883663595234
5.0,1.0,200.0,200.0,2.333333333333333,1205.230313787481
5.0,1.0,216.0,200.0,2.333333333333333,20.88433692367113
5.0,1.0,234.0,200.0,2.333333333333333,10.595124307685381
5.0,1.0,254.0,200.0,2.333333333333333,4.471070655877258
5.0,1.0,275.0,200.0,2.333333333333333,3.07741028067393
5.0,1.0,297.0,200.0,2.333333333333333,2.5647559648614586
5.0,1.0,322.0,200.0,2.333333333333333,2.0952452712365703
5.0,1.0,348.0,200.0,2.333333333333333,1.8297977107281858
5.0,1.0,377.0,200.0,2.333333333333333,1.6416932917404843
5.0,1.0,408.0,200.0,2.333333333333333,1.4525216608761322
5.0,1.0,442.0,200.0,2.333333333333333,1.3889138992515215
5.0,1.0,479.0,200.0,2.333333333333333,1.308549246269049
5.0,1.0,518.0,200.0,2.333333333333333,1.3351428118294861
5.0,1.0,561.0,200.0,2.333333333333333,1.3497532755570685
5.0,1.0,608.0,200.0,2.333333333333333,1.422852671577722
5.0,1.0,658.0,200.0,2.333333333333333,1.5036429980570751
5.0,1.0,712.0,200.0,2.333333333333333,1.5436093260983543
5.0,1.0,771.0,200.0,2.333333333333333,1.7094700343683937
5.0,1.0,835.0,200.0,2.333333333333333,2.430554974451791
5.0,1.0,904.0,200.0,2.333333333333333,2.0006028075888653
5.0,1.0,979.0,200.0,2.333333333333333,2.0866763955419287
5.0,1.0,1059.0,200.0,2.333333333333333,2.206919012500897
5.0,1.0,1147.0,200.0,2.333333333333333,2.397192555323439
5.0,1.0,1242.0,200.0,2.333333333333333,2.581033561513076
5.0,1.0,1344.0,200.0,2.333333333333333,3.839859218113948
5.0,1.0,1455.0,200.0,2.333333333333333,4.523295365929371
5.0,1.0,1576.0,200.0,2.333333333333333,4.60001912337957
5.0,1.0,1706.0,200.0,2.333333333333333,4.353690012095597
5.0,1.0,1847.0,200.0,2.333333333333333,5.210059784138683
5.0,1.0,2000.0,200.0,2.333333333333333,4.652156626062503
5.0,1.0,20.0,200.0,3.6666666666666665,0.1392392546512018
5.0,1.0,21.0,200.0,3.6666666666666665,0.15524564348114356
5.0,1.0,23.0,200.0,3.6666666666666665,0.16272904200769198
5.0,1.0,25.0,200.0,3.6666666666666665,0.16646422633265698
5.0,1.0,27.0,200.0,3.6666666666666665,0.21810618753859026
5.0,1.0,29.0,200.0,3.6666666666666665,0.22129819085983227
5.0,1.0,31.0,200.0,3.6666666666666665,0.22218211861854098
5.0,1.0,34.0,200.0,3.6666666666666665,0.23192329755408309
5.0,1.0,36.0,200.0,3.6666666666666665,0.2657080731907806
5.0,1.0,39.0,200.0,3.6666666666666665,0.2621511751034448
5.0,1.0,43.0,200.0,3.6666666666666665,0.2632875799664298
5.0,1.0,46.0,200.0,3.6666666666666665,0.27310987885749016
5.0,1.0,50.0,200.0,3.6666666666666665,0.3545376236536356
5.0,1.0,54.0,200.0,3.6666666666666665,0.35752890424555817
5.0,1.0,58.0,200.0,3.6666666666666665,0.3618572160836359
5.0,1.0,63.0,200.0,3.6666666666666665,0.44652609669542437
5.0,1.0,68.0,200.0,3.6666666666666665,0.44571404977914264
5.0,1.0,73.0,200.0,3.6666666666666665,0.49331777187427517
5.0,1.0,79.0,200.0,3.6666666666666665,0.5796840191952846
5.0,1.0,85.0,200.0,3.6666666666666665,0.6873520989115982
5.0,1.0,92.0,200.0,3.6666666666666665,0.7808185904704366
5.0,1.0,100.0,200.0,3.6666666666666665,0.785518160563994
5.0,1.0,108.0,200.0,3.6666666666666665,0.7475440387501405
5.0,1.0,116.0,200.0,3.6666666666666665,0.9435642626857301
5.0,1.0,126.0,200.0,3.6666666666666665,1.049566315726921
5.0,1.0,136.0,200.0,3.6666666666666665,1.2202378343703268
5.0,1.0,147.0,200.0,3.6666666666666665,1.7467732631034714
5.0,1.0,158.0,200.0,3.6666666666666665,3.0782365779882293
5.0,1.0,171.0,200.0,3.6666666666666665,3.639409625540271
5.0,1.0,185.0,200.0,3.6666666666666665,21.653883663595117
5.0,1.0,200.0,200.0,3.6666666666666665,1205.2303137868407
5.0,1.0,216.0,200.0,3.6666666666666665,20.909951204405534
5.0,1.0,234.0,200.0,3.6666666666666665,10.640371582626962
5.0,1.0,254.0,200.0,3.6666666666666665,4.582324093407925
5.0,1.0,275.0,200.0,3.6666666666666665,3.209170031059329
5.0,1.0,297.0,200.0,3.6666666666666665,2.7010315455981115
5.0,1.0,322.0,200.0,3.6666666666666665,2.2588254605331235
5.0,1.0,348.0,200.0,3.6666666666666665,2.02462987254312
5.0,1.0,377.0,200.0,3.6666666666666665,1.8843532600340702
5.0,1.0,408.0,200.0,3.6666666666666665,1.7103366845186505
5.0,1.0,442.0,200.0,3.6666666666666665,1.6890949781600604
5.0,1.0,479.0,200.0,3.6666666666666665,1.6370337457089819
5.0,1.0,518.0,200.0,3.6666666666666665,1.7348850752309526
5.0,1.0,561.0,200.0,3.6666666666666665,1.7971580354561323
5.0,1.0,608.0,200.0,3.6666666666666665,1.9404429736767859
5.0,1.0,658.0,200.0,3.6666666666666665,2.1009035855292897
5.0,1.0,712.0,200.0,3.6666666666666665,2.2004475461386885
5.0,1.0,771.0,200.0,3.6666666666666665,2.4665113983581577
5.0,1.0,835.0,200.0,3.6666666666666665,3.6273648475971467
5.0,1.0,904.0,200.0,3.6666666666666665,2.9530777233346335
5.0,1.0,979.0,200.0,3.6666666666666665,3.0908631078466318
5.0,1.0,1059.0,200.0,3.6666666666666665,3.29698800085649
5.0,1.0,1147.0,200.0,3.6666666666666665,3.607425601400289
5.0,1.0,1242.0,200.0,3.6666666666666665,3.896703067087541
5.0,1.0,1344.0,200.0,3.6666666666666665,5.875590672906126
5.0,1.0,1455.0,200.0,3.6666666666666665,6.970216085573268
5.0,1.0,1576.0,200.0,3.6666666666666665,7.086144347973828
5.0,1.0,1706.0,200.0,3.6666666666666665,6.709527124636373
5.0,1.0,1847.0,200.0,3.6666666666666665,8.047674456349922
5.0,1.0,2000.0,200.0,3.6666666666666665,7.19067168170555
5.0,1.0,20.0,200.0,5.0,0.13923925465120196
5.0,1.0,21.0,200.0,5.0,0.15524564348114367
5.0,1.0,23.0,200.0,5.0,0.16272904200769192
5.0,1.0,25.0,200.0,5.0,0.166464226332657
5.0,1.0,27.0,200.0,5.0,0.21810618753859007
5.0,1.0,29.0,200.0,5.0,0.22129819085983227
5.0,1.0,31.0,200.0,5.0,0.22218211861854126
5.0,1.0,34.0,200.0,5.0,0.23192329755408292
5.0,1.0,36.0,200.0,5.0,0.26570807319078055
5.0,1.0,39.0,200.0,5.0,0.26215117510344516
5.0,1.0,43.0,200.0,5.0,0.2632875799664298
5.0,1.0,46.0,200.0,5.0,0.27310987885749016
5.0,1.0,50.0,200.0,5.0,0.3545376236536354
5.0,1.0,54.0,200.0,5.0,0.35752890424555805
5.0,1.0,58.0,200.0,5.0,0.36185721608363586
5.0,1.0,63.0,200.0,5.0,0.44652609669542437
5.0,1.0,68.0,200.0,5.0,0.4457140497791428
5.0,1.0,73.0,200.0,5.0,0.49331777187427545
5.0,1.0,79.0,200.0,5.0,0.5796840191952846
5.0,1.0,85.0,200.0,5.0,0.687352098911598
5.0,1.0,92.0,200.0,5.0,0.7808185904704366
5.0,1.0,100.0,200.0,5.0,0.7855181605639947
5.0,1.0,108.0,200.0,5.0,0.7475440387501409
5.0,1.0,116.0,200.0,5.0,0.9435642626857305
5.0,1.0,126.0,200.0,5.0,1.0495663157269204
5.0,1.0,136.0,200.0,5.0,1.2202378343703268
5.0,1.0,147.0,200.0,5.0,1.7467732631034756
5.0,1.0,158.0,200.0,5.0,3.078236577988232
5.0,1.0,171.0,200.0,5.0,3.639409625540273
5.0,1.0,185.0,200.0,5.0,21.653883663595064
5.0,1.0,200.0,200.0,5.0,1205.2303137863119
5.0,1.0,216.0,200.0,5.0,20.934054131322704
5.0,1.0,234.0,200.0,5.0,10.684460193696077
5.0,1.0,254.0,200.0,5.0,4.692495606559348
5.0,1.0,275.0,200.0,5.0,3.340541986067383
5.0,1.0,297.0,200.0,5.0,2.837060606829246
5.0,1.0,322.0,200.0,5.0,2.4214414516348026
5.0,1.0,348.0,200.0,5.0,2.218493420834669
5.0,1.0,377.0,200.0,5.0,2.1254363895613593
5.0,1.0,408.0,200.0,5.0,1.967876889926022
5.0,1.0,442.0,200.0,5.0,1.9888170134407603
5.0,1.0,479.0,200.0,5.0,1.9651288274723644
5.0,1.0,518.0,200.0,5.0,2.1339599360336265
5.0,1.0,561.0,200.0,5.0,2.2437338464650973
5.0,1.0,608.0,200.0,5.0,2.4564948980650603
5.0,1.0,658.0,200.0,5.0,2.6970862254100627
5.0,1.0,712.0,200.0,5.0,2.8570473286848825
5.0,1.0,771.0,200.0,5.0,3.2209057666967142
5.0,1.0,835.0,200.0,5.0,4.82187595222772
5.0,1.0,904.0,200.0,5.0,3.901206628225987
5.0,1.0,979.0,200.0,5.0,4.089665720546119
5.0,1.0,1059.0,200.0,5.0,4.3819752085648584
5.0,1.0,1147.0,200.0,5.0,4.812050000616989
5.0,1.0,1242.0,200.0,5.0,5.205623777384515
5.0,1.0,1344.0,200.0,5.0,7.9034918860017145
5.0,1.0,1455.0,200.0,5.0,9.410749223057225
5.0,1.0,1576.0,200.0,5.0,9.564159345893358
5.0,1.0,1706.0,200.0,5.0,9.05787034697764
5.0,1.0,1847.0,200.0,5.0,10.875921311296533
5.0,1.0,2000.0,200.0,5.0,9.721527195198336
10.0,1.0,20.0,200.0,1.0,0.1390320841914775
10.0,1.0,21.0,200.0,1.0,0.15356466618841266
10.0,1.0,23.0,200.0,1.0,0.16231296196155973
10.0,1.0,25.0,200.0,1.0,0.16619542988041838
10.0,1.0,27.0,200.0,1.0,0.22052033197377768
10.0,1.0,29.0,200.0,1.0,0.2238615368665563
10.0,1.0,31.0,200.0,1.0,0.22523033621049685
10.0,1.0,34.0,200.0,1.0,0.23454785255468613
10.0,1.0,36.0,200.0,1.0,0.2684668757944267
10.0,1.0,39.0,200.0,1.0,0.26434998010190897
10.0,1.0,43.0,200.0,1.0,0.26556157055009644
10.0,1.0,46.0,200.0,1.0,0.2762788719467758
10.0,1.0,50.0,200.0,1.0,0.3560807211632606
10.0,1.0,54.0,200.0,1.0,0.3589523954628484
10.0,1.0,58.0,200.0,1.0,0.3635137680682378
10.0,1.0,63.0,200.0,1.0,0.44864140350775294
10.0,1.0,68.0,200.0,1.0,0.44637888710819407
10.0,1.0,73.0,200.0,1.0,0.49375980191077434
10.0,1.0,79.0,200.0,1.0,0.5794444435322452
10.0,1.0,85.0,200.0,1.0,0.6875645084603865
10.0,1.0,92.0,200.0,1.0,0.7818445785603453
10.0,1.0,100.0,200.0,1.0,0.7865633999473973
10.0,1.0,108.0,200.0,1.0,0.7472836152828497
10.0,1.0,116.0,200.0,1.0,0.9448023494404968
10.0,1.0,126.0,200.0,1.0,1.0310380464909006
10.0,1.0,136.0,200.0,1.0,1.209392000910107
10.0,1.0,147.0,200.0,1.0,1.7656482659965302
10.0,1.0,158.0,200.0,1.0,3.161515799436746
10.0,1.0,171.0,200.0,1.0,3.6855182970557943
10.0,1.0,185.0,200.0,1.0,21.446285067237643
10.0,1.0,200.0,200.0,1.0,1132.470779111148
10.0,1.0,216.0,200.0,1.0,19.187311591973753
10.0,1.0,234.0,200.0,1.0,10.346342760111419
10.0,1.0,254.0,200.0,1.0,4.288040411679731
10.0,1.0,275.0,200.0,1.0,2.8773818787787273
10.0,1.0,297.0,200.0,1.0,2.357520288986738
10.0,1.0,322.0,200.0,1.0,1.8445531863867057
10.0,1.0,348.0,200.0,1.0,1.5335813851108997
10.0,1.0,377.0,200.0,1.0,1.2716685148676272
10.0,1.0,408.0,200.0,1.0,1.066105127301428
10.0,1.0,442.0,200.0,1.0,0.9390711488908857
10.0,1.0,479.0,200.0,1.0,0.8202973495152164
10.0,1.0,518.0,200.0,1.0,0.7367444742662381
10.0,1.0,561.0,200.0,1.0,0.6823314372992009
10.0,1.0,608.0,200.0,1.0,0.6458409146595019
10.0,1.0,658.0,200.0,1.0,0.6100137319437344
10.0,1.0,712.0,200.0,1.0,0.5670620857956418
10.0,1.0,771.0,200.0,1.0,0.5724104104020478
10.0,1.0,835.0,200.0,1.0,0.5492874952061616
10.0,1.0,904.0,200.0,1.0,0.5657623211278676
10.0,1.0,979.0,200.0,1.0,0.5718905509837185
10.0,1.0,1059.0,200.0,1.0,0.5654059532086174
10.0,1.0,1147.0,200.0,1.0,0.5834017984793715
10.0,1.0,1242.0,200.0,1.0,0.6132064766100437
10.0,1.0,1344.0,200.0,1.0,0.6351697413180755
10.0,1.0,1455.0,200.0,1.0,0.670093404499896
10.0,1.0,1576.0,200.0,1.0,1.1060895154349786
10.0,1.0,1706.0,200.0,1.0,1.2565092559539852
10.0,1.0,1847.0,200.0,1.0,1.6285308858625231
10.0,1.0,2000.0,200.0,1.0,1.5798425052409732
10.0,1.0,20.0,200.0,2.333333333333333,0.13903208419147772
10.0,1.0,21.0,200.0,2.333333333333333,0.15356466618841255
10.0,1.0,23.0,200.0,2.333333333333333,0.16231296196155967
10.0,1.0,25.0,200.0,2.333333333333333,0.16619542988041863
10.0,1.0,27.0,200.0,2.333333333333333,0.2205203319737775
10.0,1.0,29.0,200.0,2.333333333333333,0.22386153686655644
10.0,1.0,31.0,200.0,2.333333333333333,0.22523033621049707
10.0,1.0,34.0,200.0,2.333333333333333,0.23454785255468638
10.0,1.0,36.0,200.0,2.333333333333333,0.26846687579442646
10.0,1.0,39.0,200.0,2.333333333333333,0.264349980101909
10.0,1.0,43.0,200.0,2.333333333333333,0.2655615705500969
10.0,1.0,46.0,200.0,2.333333333333333,0.2762788719467753
10.0,1.0,50.0,200.0,2.333333333333333,0.3560807211632601
10.0,1.0,54.0,200.0,2.333333333333333,0.3589523954628483
10.0,1.0,58.0,200.0,2.333333333333333,0.36351376806823843
10.0,1.0,63.0,200.0,2.333333333333333,0.44864140350775294
10.0,1.0,68.0,200.0,2.333333333333333,0.44637888710819446
10.0,1.0,73.0,200.0,2.333333333333333,0.4937598019107745
10.0,1.0,79.0,200.0,2.333333333333333,0.5794444435322457
10.0,1.0,85.0,200.0,2.333333333333333,0.6875645084603866
10.0,1.0,92.0,200.0,2.333333333333333,0.7818445785603486
10.0,1.0,100.0,200.0,2.333333333333333,0.7865633999473928
10.0,1.0,108.0,200.0,2.333333333333333,0.7472836152828515
10.0,1.0,116.0,200.0,2.333333333333333,0.9448023494404965
10.0,1.0,126.0,200.0,2.333333333333333,1.0310380464908993
10.0,1.0,136.0,200.0,2.333333333333333,1.2093920009101122
10.0,1.0,147.0,200.0,2.333333333333333,1.765648265996516
10.0,1.0,158.0,200.0,2.333333333333333,3.1615157994367524
10.0,1.0,171.0,200.0,2.333333333333333,3.685518297055818
10.0,1.0,185.0,200.0,2.333333333333333,21.446285067237163
10.0,1.0,200.0,200.0,2.333333333333333,1132.4707791120668
10.0,1.0,216.0,200.0,2.333333333333333,19.19968747039435
10.0,1.0,234.0,200.0,2.333333333333333,10.366180085675454
10.0,1.0,254.0,200.0,2.333333333333333,4.327393190238855
10.0,1.0,275.0,200.0,2.333333333333333,2.920954794410778
10.0,1.0,297.0,200.0,2.333333333333333,2.4033061922815397
10.0,1.0,322.0,200.0,2.333333333333333,1.9008130129463403
10.0,1.0,348.0,200.0,2.333333333333333,1.5989854171537288
10.0,1.0,377.0,200.0,2.333333333333333,1.3547661855010256
10.0,1.0,408.0,200.0,2.333333333333333,1.1512350159967737
10.0,1.0,442.0,200.0,2.333333333333333,1.0383987630002083
10.0,1.0,479.0,200.0,2.333333333333333,0.9318487206814526
10.0,1.0,518.0,200.0,2.333333333333333,0.8734471624489434
10.0,1.0,561.0,200.0,2.333333333333333,0.8387620814095491
10.0,1.0,608.0,200.0,2.333333333333333,0.8277866014859654
10.0,1.0,658.0,200.0,2.333333333333333,0.818925333503713
10.0,1.0,712.0,200.0,2.333333333333333,0.7956707270703407
10.0,1.0,771.0,200.0,2.333333333333333,0.8432114566217926
10.0,1.0,835.0,200.0,2.333333333333333,0.8504138207524368
10.0,1.0,904.0,200.0,2.333333333333333,0.9140672975697028
10.0,1.0,979.0,200.0,2.333333333333333,0.9429073327859594
10.0,1.0,1059.0,200.0,2.333333333333333,0.9640892880968557
10.0,1.0,1147.0,200.0,2.333333333333333,1.0358414181178734
10.0,1.0,1242.0,200.0,2.333333333333333,1.1134895516454837
10.0,1.0,1344.0,200.0,2.333333333333333,1.1837448227832077
10.0,1.0,1455.0,200.0,2.333333333333333,1.2911065384895672
10.0,1.0,1576.0,200.0,2.333333333333333,2.3336586543641706
10.0,1.0,1706.0,200.0,2.333333333333333,2.6871147108545337
10.0,1.0,1847.0,200.0,2.333333333333333,3.5811490394432353
10.0,1.0,2000.0,200.0,2.333333333333333,3.482000756811051
10.0,1.0,20.0,200.0,3.6666666666666665,0.1390320841914777
10.0,1.0,21.0,200.0,3.6666666666666665,0.15356466618841236
10.0,1.0,23.0,200.0,3.6666666666666665,0.16231296196155948
10.0,1.0,25.0,200.0,3.6666666666666665,0.16619542988041877
10.0,1.0,27.0,200.0,3.6666666666666665,0.2205203319737774
10.0,1.0,29.0,200.0,3.6666666666666665,0.22386153686655638
10.0,1.0,31.0,200.0,3.6666666666666665,0.2252303362104974
10.0,1.0,34.0,200.0,3.6666666666666665,0.2345478525546866
10.0,1.0,36.0,200.0,3.6666666666666665,0.2684668757944267
10.0,1.0,39.0,200.0,3.6666666666666665,0.26434998010190913
10.0,1.0,43.0,200.0,3.6666666666666665,0.2655615705500973
10.0,1.0,46.0,200.0,3.6666666666666665,0.2762788719467748
10.0,1.0,50.0,200.0,3.6666666666666665,0.35608072116326006
10.0,1.0,54.0,200.0,3.6666666666666665,0.3589523954628481
10.0,1.0,58.0,200.0,3.6666666666666665,0.36351376806823915
10.0,1.0,63.0,200.0,3.6666666666666665,0.44864140350775233
10.0,1.0,68.0,200.0,3.6666666666666665,0.4463788871081946
10.0,1.0,73.0,200.0,3.6666666666666665,0.4937598019107748
10.0,1.0,79.0,200.0,3.6666666666666665,0.5794444435322462
10.0,1.0,85.0,200.0,3.6666666666666665,0.6875645084603865
10.0,1.0,92.0,200.0,3.6666666666666665,0.7818445785603508
10.0,1.0,100.0,200.0,3.6666666666666665,0.7865633999473904
10.0,1.0,108.0,200.0,3.6666666666666665,0.7472836152828535
10.0,1.0,116.0,200.0,3.6666666666666665,0.9448023494404962
10.0,1.0,126.0,200.0,3.6666666666666665,1.0310380464908986
10.0,1.0,136.0,200.0,3.6666666666666665,1.209392000910116
10.0,1.0,147.0,200.0,3.6666666666666665,1.765648265996508
10.0,1.0,158.0,200.0,3.6666666666666665,3.1615157994367573
10.0,1.0,171.0,200.0,3.6666666666666665,3.6855182970558293
10.0,1.0,185.0,200.0,3.6666666666666665,21.446285067236776
10.0,1.0,200.0,200.0,3.6666666666666665,1132.470779112741
10.0,1.0,216.0,200.0,3.6666666666666665,19.21000933992979
10.0,1.0,234.0,200.0,3.6666666666666665,10.383805623180152
10.0,1.0,254.0,200.0,3.6666666666666665,4.364507768953656
10.0,1.0,275.0,200.0,3.6666666666666665,2.9632793976277956
10.0,1.0,297.0,200.0,3.6666666666666665,2.44767990108663
10.0,1.0,322.0,200.0,3.6666666666666665,1.954975162667576
10.0,1.0,348.0,200.0,3.6666666666666665,1.662074309620864
10.0,1.0,377.0,200.0,3.6666666666666665,1.4348410129569658
10.0,1.0,408.0,200.0,3.6666666666666665,1.2352830167429056
10.0,1.0,442.0,200.0,3.6666666666666665,1.1360737984962999
10.0,1.0,479.0,200.0,3.6666666666666665,1.0415319154731673
10.0,1.0,518.0,200.0,3.6666666666666665,1.008516375871857
10.0,1.0,561.0,200.0,3.6666666666666665,0.9932000015443048
10.0,1.0,608.0,200.0,3.6666666666666665,1.0070095797876915
10.0,1.0,658.0,200.0,3.6666666666666665,1.0258523842031066
10.0,1.0,712.0,200.0,3.6666666666666665,1.023267628257821
10.0,1.0,771.0,200.0,3.6666666666666665,1.1097870145952797
10.0,1.0,835.0,200.0,3.6666666666666665,1.1476757995694145
10.0,1.0,904.0,200.0,3.6666666666666665,1.2562899075051641
10.0,1.0,979.0,200.0,3.6666666666666665,1.3063052510549378
10.0,1.0,1059.0,200.0,3.6666666666666665,1.3554068575079556
10.0,1.0,1147.0,200.0,3.6666666666666665,1.4799137604551575
10.0,1.0,1242.0,200.0,3.6666666666666665,1.6033691826268834
10.0,1.0,1344.0,200.0,3.6666666666666665,1.7216661183522934
10.0,1.0,1455.0,200.0,3.6666666666666665,1.9019015684509302
10.0,1.0,1576.0,200.0,3.6666666666666665,3.5521453885709007
10.0,1.0,1706.0,200.0,3.6666666666666665,4.106693400819015
10.0,1.0,1847.0,200.0,3.6666666666666665,5.524722481222723
10.0,1.0,2000.0,200.0,3.6666666666666665,5.374740578360544
10.0,1.0,20.0,200.0,5.0,0.1390320841914781
10.0,1.0,21.0,200.0,5.0,0.15356466618841233
10.0,1.0,23.0,200.0,5.0,0.16231296196155914
10.0,1.0,25.0,200.0,5.0,0.16619542988041894
10.0,1.0,27.0,200.0,5.0,0.2205203319737775
10.0,1.0,29.0,200.0,5.0,0.22386153686655644
10.0,1.0,31.0,200.0,5.0,0.22523033621049782
10.0,1.0,34.0,200.0,5.0,0.2345478525546867
10.0,1.0,36.0,200.0,5.0,0.26846687579442646
10.0,1.0,39.0,200.0,5.0,0.264349980101909
10.0,1.0,43.0,200.0,5.0,0.26556157055009777
10.0,1.0,46.0,200.0,5.0,0.27627887194677453
10.0,1.0,50.0,200.0,5.0,0.3560807211632602
10.0,1.0,54.0,200.0,5.0,0.3589523954628484
10.0,1.0,58.0,200.0,5.0,0.3635137680682392
10.0,1.0,63.0,200.0,5.0,0.44864140350775217
10.0,1.0,68.0,200.0,5.0,0.4463788871081947
10.0,1.0,73.0,200.0,5.0,0.49375980191077495
10.0,1.0,79.0,200.0,5.0,0.5794444435322467
10.0,1.0,85.0,200.0,5.0,0.6875645084603866
10.0,1.0,92.0,200.0,5.0,0.7818445785603529
10.0,1.0,100.0,200.0,5.0,0.7865633999473878
10.0,1.0,108.0,200.0,5.0,0.7472836152828549
10.0,1.0,116.0,200.0,5.0,0.9448023494404956
10.0,1.0,126.0,200.0,5.0,1.031038046490897
10.0,1.0,136.0,200.0,5.0,1.20939200091012
10.0,1.0,147.0,200.0,5.0,1.7656482659964994
10.0,1.0,158.0,200.0,5.0,3.1615157994367595
10.0,1.0,171.0,200.0,5.0,3.685518297055838
10.0,1.0,185.0,200.0,5.0,21.446285067236488
10.0,1.0,200.0,200.0,5.0,1132.4707791132932
10.0,1.0,216.0,200.0,5.0,19.219362558340126
10.0,1.0,234.0,200.0,5.0,10.400388102396287
10.0,1.0,254.0,200.0,5.0,4.400566833832403
10.0,1.0,275.0,200.0,5.0,3.0050153085396403
10.0,1.0,297.0,200.0,5.0,2.491387632353174
10.0,1.0,322.0,200.0,5.0,2.0081480678706702
10.0,1.0,348.0,200.0,5.0,1.7240714042037737
10.0,1.0,377.0,200.0,5.0,1.5134902962167063
10.0,1.0,408.0,200.0,5.0,1.3188208093848102
10.0,1.0,442.0,200.0,5.0,1.232969493579237
10.0,1.0,479.0,200.0,5.0,1.150334095990628
10.0,1.0,518.0,200.0,5.0,1.1428152580778477
10.0,1.0,561.0,200.0,5.0,1.1466981719364329
10.0,1.0,608.0,200.0,5.0,1.1849485545511906
10.0,1.0,658.0,200.0,5.0,1.2318435395234588
10.0,1.0,712.0,200.0,5.0,1.2503874024080264
10.0,1.0,771.0,200.0,5.0,1.3743698723551265
10.0,1.0,835.0,200.0,5.0,1.443115389089739
10.0,1.0,904.0,200.0,5.0,1.595644131036415
10.0,1.0,979.0,200.0,5.0,1.666110185482608
10.0,1.0,1059.0,200.0,5.0,1.7432508017224966
10.0,1.0,1147.0,200.0,5.0,1.9200401741105733
10.0,1.0,1242.0,200.0,5.0,2.0883426479817597
10.0,1.0,1344.0,200.0,5.0,2.2545631894545513
10.0,1.0,1455.0,200.0,5.0,2.5078778373854926
10.0,1.0,1576.0,200.0,5.0,4.766348946780895
10.0,1.0,1706.0,200.0,5.0,5.521071972935955
10.0,1.0,1847.0,200.0,5.0,7.464030522629929
10.0,1.0,2000.0,200.0,5.0,7.263038757567069
50.0,1.0,20.0,200.0,1.0,0.1382487859297798
50.0,1.0,21.0,200.0,1.0,0.15294935358865616
50.0,1.0,23.0,200.0,1.0,0.1633897305270282
50.0,1.0,25.0,200.0,1.0,0.1672088008192105
50.0,1.0,27.0,200.0,1.0,0.22118110464759347
50.0,1.0,29.0,200.0,1.0,0.22483066370968974
50.0,1.0,31.0,200.0,1.0,0.226742911533278
50.0,1.0,34.0,200.0,1.0,0.23553633315125108
50.0,1.0,36.0,200.0,1.0,0.27281425797434794
50.0,1.0,39.0,200.0,1.0,0.2676936033539091
50.0,1.0,43.0,200.0,1.0,0.2700491850920047
50.0,1.0,46.0,200.0,1.0,0.2809055073340486
50.0,1.0,50.0,200.0,1.0,0.3571141154741486
50.0,1.0,54.0,200.0,1.0,0.36161213460645264
50.0,1.0,58.0,200.0,1.0,0.3660245004886407
50.0,1.0,63.0,200.0,1.0,0.4499548301237463
50.0,1.0,68.0,200.0,1.0,0.44597282375830255
50.0,1.0,73.0,200.0,1.0,0.4936963628717231
50.0,1.0,79.0,200.0,1.0,0.5804462395709918
50.0,1.0,85.0,200.0,1.0,0.6901883086931206
50.0,1.0,92.0,200.0,1.0,0.783909994479356
50.0,1.0,100.0,200.0,1.0,0.7864148402390785
50.0,1.0,108.0,200.0,1.0,0.7456335919146357
50.0,1.0,116.0,200.0,1.0,0.9473211056981465
50.0,1.0,126.0,200.0,1.0,1.029938786988488
50.0,1.0,136.0,200.0,1.0,1.221992939240423
50.0,1.0,147.0,200.0,1.0,1.8611488896750692
50.0,1.0,158.0,200.0,1.0,3.262319160863796
50.0,1.0,171.0,200.0,1.0,3.6956618661121627
50.0,1.0,185.0,200.0,1.0,21.01774137721281
50.0,1.0,200.0,200.0,1.0,1071.9744373225853
50.0,1.0,216.0,200.0,1.0,18.00808734011223
50.0,1.0,234.0,200.0,1.0,10.137878577877126
50.0,1.0,254.0,200.0,1.0,4.2382458965934235
50.0,1.0,275.0,200.0,1.0,2.839108891462315
50.0,1.0,297.0,200.0,1.0,2.3148740618114627
50.0,1.0,322.0,200.0,1.0,1.7954760800455865
50.0,1.0,348.0,200.0,1.0,1.4791545709349325
50.0,1.0,377.0,200.0,1.0,1.204027516469457
50.0,1.0,408.0,200.0,1.0,1.0027005840619956
50.0,1.0,442.0,200.0,1.0,0.8641374902165635
50.0,1.0,479.0,200.0,1.0,0.7367673115637149
50.0,1.0,518.0,200.0,1.0,0.6352129085179099
50.0,1.0,561.0,200.0,1.0,0.5661082372501878
50.0,1.0,608.0,200.0,1.0,0.5086192096166318
50.0,1.0,658.0,200.0,1.0,0.45549314472644936
50.0,1.0,712.0,200.0,1.0,0.401716812844879
50.0,1.0,771.0,200.0,1.0,0.3671311116861564
50.0,1.0,835.0,200.0,1.0,0.3225630450798851
50.0,1.0,904.0,200.0,1.0,0.2982004667338938
50.0,1.0,979.0,200.0,1.0,0.2837958845045926
50.0,1.0,1059.0,200.0,1.0,0.2583398757830997
50.0,1.0,1147.0,200.0,1.0,0.23552638276193133
50.0,1.0,1242.0,200.0,1.0,0.22606629766705236
50.0,1.0,1344.0,200.0,1.0,0.213141223935808
50.0,1.0,1455.0,200.0,1.0,0.8765478555681231
50.0,1.0,1576.0,200.0,1.0,1.268737411018574
50.0,1.0,1706.0,200.0,1.0,0.18147831738015566
50.0,1.0,1847.0,200.0,1.0,1.0652482561350776
50.0,1.0,2000.0,200.0,1.0,0.9993857028657356
50.0,1.0,20.0,200.0,2.333333333333333,0.13824878592977943
50.0,1.0,21.0,200.0,2.333333333333333,0.15294935358865613
50.0,1.0,23.0,200.0,2.333333333333333,0.16338973052702901
50.0,1.0,25.0,200.0,2.333333333333333,0.16720880081920925
50.0,1.0,27.0,200.0,2.333333333333333,0.2211811046475942
50.0,1.0,29.0,200.0,2.333333333333333,0.22483066370968846
50.0,1.0,31.0,200.0,2.333333333333333,0.22674291153327544
50.0,1.0,34.0,200.0,2.333333333333333,0.2355363331512499
50.0,1.0,36.0,200.0,2.333333333333333,0.2728142579743471
50.0,1.0,39.0,200.0,2.333333333333333,0.26769360335390435
50.0,1.0,43.0,200.0,2.333333333333333,0.27004918509200415
50.0,1.0,46.0,200.0,2.333333333333333,0.2809055073340515
50.0,1.0,50.0,200.0,2.333333333333333,0.3571141154741458
50.0,1.0,54.0,200.0,2.333333333333333,0.3616121346064566
50.0,1.0,58.0,200.0,2.333333333333333,0.3660245004886552
50.0,1.0,63.0,200.0,2.333333333333333,0.44995483012375526
50.0,1.0,68.0,200.0,2.333333333333333,0.44597282375828257
50.0,1.0,73.0,200.0,2.333333333333333,0.4936963628717442
50.0,1.0,79.0,200.0,2.333333333333333,0.5804462395709805
50.0,1.0,85.0,200.0,2.333333333333333,0.6901883086931321
50.0,1.0,92.0,200.0,2.333333333333333,0.7839099944793381
50.0,1.0,100.0,200.0,2.333333333333333,0.786414840239064
50.0,1.0,108.0,200.0,2.333333333333333,0.7456335919145387
50.0,1.0,116.0,200.0,2.333333333333333,0.9473211056981261
50.0,1.0,126.0,200.0,2.333333333333333,1.0299387869885965
50.0,1.0,136.0,200.0,2.333333333333333,1.2219929392404152
50.0,1.0,147.0,200.0,2.333333333333333,1.8611488896752053
50.0,1.0,158.0,200.0,2.333333333333333,3.2623191608643713
50.0,1.0,171.0,200.0,2.333333333333333,3.6956618661134875
50.0,1.0,185.0,200.0,2.333333333333333,21.017741377219338
50.0,1.0,200.0,200.0,2.333333333333333,1071.9744372863433
50.0,1.0,216.0,200.0,2.333333333333333,18.009962409179813
50.0,1.0,234.0,200.0,2.333333333333333,10.140596923175794
50.0,1.0,254.0,200.0,2.333333333333333,4.241694694994891
50.0,1.0,275.0,200.0,2.333333333333333,2.842133307110234
50.0,1.0,297.0,200.0,2.333333333333333,2.3183927034035725
50.0,1.0,322.0,200.0,2.333333333333333,1.7997518698884825
50.0,1.0,348.0,200.0,2.333333333333333,1.483998632148912
50.0,1.0,377.0,200.0,2.333333333333333,1.2099929772849438
50.0,1.0,408.0,200.0,2.333333333333333,1.0075696434155832
50.0,1.0,442.0,200.0,2.333333333333333,0.8700971617032134
50.0,1.0,479.0,200.0,2.333333333333333,0.7437302469358067
50.0,1.0,518.0,200.0,2.333333333333333,0.6428345622964602
50.0,1.0,561.0,200.0,2.333333333333333,0.5750778369302807
50.0,1.0,608.0,200.0,2.333333333333333,0.5188885977789781
50.0,1.0,658.0,200.0,2.333333333333333,0.46647853948917
50.0,1.0,712.0,200.0,2.333333333333333,0.41319456045681907
50.0,1.0,771.0,200.0,2.333333333333333,0.382277419689826
50.0,1.0,835.0,200.0,2.333333333333333,0.3386598681894434
50.0,1.0,904.0,200.0,2.333333333333333,0.317528570689602
50.0,1.0,979.0,200.0,2.333333333333333,0.3052451751859598
50.0,1.0,1059.0,200.0,2.333333333333333,0.280797799298698
50.0,1.0,1147.0,200.0,2.333333333333333,0.26148070461146444
50.0,1.0,1242.0,200.0,2.333333333333333,0.2559163406455438
50.0,1.0,1344.0,200.0,2.333333333333333,0.2454738145256278
50.0,1.0,1455.0,200.0,2.333333333333333,1.8273432733239097
50.0,1.0,1576.0,200.0,2.333333333333333,2.7650828182093172
50.0,1.0,1706.0,200.0,2.333333333333333,0.22443862694640096
50.0,1.0,1847.0,200.0,2.333333333333333,2.313230056999845
50.0,1.0,2000.0,200.0,2.333333333333333,2.1805464405660633
50.0,1.0,20.0,200.0,3.6666666666666665,0.13824878592977888
50.0,1.0,21.0,200.0,3.6666666666666665,0.152949353588656
50.0,1.0,23.0,200.0,3.6666666666666665,0.16338973052702982
50.0,1.0,25.0,200.0,3.6666666666666665,0.16720880081920803
50.0,1.0,27.0,200.0,3.6666666666666665,0.22118110464759488
50.0,1.0,29.0,200.0,3.6666666666666665,0.2248306637096871
50.0,1.0,31.0,200.0,3.6666666666666665,0.22674291153327386
50.0,1.0,34.0,200.0,3.6666666666666665,0.23553633315124833
50.0,1.0,36.0,200.0,3.6666666666666665,0.2728142579743466
50.0,1.0,39.0,200.0,3.6666666666666665,0.26769360335390063
50.0,1.0,43.0,200.0,3.6666666666666665,0.2700491850920045
50.0,1.0,46.0,200.0,3.6666666666666665,0.28090550733405434
50.0,1.0,50.0,200.0,3.6666666666666665,0.35711411547414573
50.0,1.0,54.0,200.0,3.6666666666666665,0.36161213460646024
50.0,1.0,58.0,200.0,3.6666666666666665,0.3660245004886639
50.0,1.0,63.0,200.0,3.6666666666666665,0.4499548301237594
50.0,1.0,68.0,200.0,3.6666666666666665,0.4459728237582671
50.0,1.0,73.0,200.0,3.6666666666666665,0.49369636287175883
50.0,1.0,79.0,200.0,3.6666666666666665,0.5804462395709737
50.0,1.0,85.0,200.0,3.6666666666666665,0.6901883086931412
50.0,1.0,92.0,200.0,3.6666666666666665,0.7839099944793188
50.0,1.0,100.0,200.0,3.6666666666666665,0.7864148402390498
50.0,1.0,108.0,200.0,3.6666666666666665,0.7456335919144675
50.0,1.0,116.0,200.0,3.6666666666666665,0.9473211056981059
50.0,1.0,126.0,200.0,3.6666666666666665,1.02993878698867
50.0,1.0,136.0,200.0,3.6666666666666665,1.2219929392404023
50.0,1.0,147.0,200.0,3.6666666666666665,1.8611488896753021
50.0,1.0,158.0,200.0,3.6666666666666665,3.2623191608647866
50.0,1.0,171.0,200.0,3.6666666666666665,3.6956618661144915
50.0,1.0,185.0,200.0,3.6666666666666665,21.01774137722417
50.0,1.0,200.0,200.0,3.6666666666666665,1071.974437259749
50.0,1.0,216.0,200.0,3.6666666666666665,18.011389098758727
50.0,1.0,234.0,200.0,3.6666666666666665,10.142722675353863
50.0,1.0,254.0,200.0,3.6666666666666665,4.2445589167393845
50.0,1.0,275.0,200.0,3.6666666666666665,2.8447769679565584
50.0,1.0,297.0,200.0,3.6666666666666665,2.3214292197155277
50.0,1.0,322.0,200.0,3.6666666666666665,1.8034396590752262
50.0,1.0,348.0,200.0,3.6666666666666665,1.4881858413042248
50.0,1.0,377.0,200.0,3.6666666666666665,1.2151839534959323
50.0,1.0,408.0,200.0,3.6666666666666665,1.0120845222358075
50.0,1.0,442.0,200.0,3.6666666666666665,0.8755326318651081
50.0,1.0,479.0,200.0,3.6666666666666665,0.7500548997789227
50.0,1.0,518.0,200.0,3.6666666666666665,0.6499712224916884
50.0,1.0,561.0,200.0,3.6666666666666665,0.5834462099126888
50.0,1.0,608.0,200.0,3.6666666666666665,0.5284675056676222
50.0,1.0,658.0,200.0,3.6666666666666665,0.47693469915908543
50.0,1.0,712.0,200.0,3.6666666666666665,0.4242921393181678
50.0,1.0,771.0,200.0,3.6666666666666665,0.39641500288080944
50.0,1.0,835.0,200.0,3.6666666666666665,0.3539104534173001
50.0,1.0,904.0,200.0,3.6666666666666665,0.3355935187475701
50.0,1.0,979.0,200.0,3.6666666666666665,0.3250862924530394
50.0,1.0,1059.0,200.0,3.6666666666666665,0.30168338736365014
50.0,1.0,1147.0,200.0,3.6666666666666665,0.2856052381066607
50.0,1.0,1242.0,200.0,3.6666666666666665,0.28342605157965783
50.0,1.0,1344.0,200.0,3.6666666666666665,0.2753676870845949
50.0,1.0,1455.0,200.0,3.6666666666666665,2.7775594838950624
50.0,1.0,1576.0,200.0,3.6666666666666665,4.2615245175555305
50.0,1.0,1706.0,200.0,3.6666666666666665,0.26443655248128245
50.0,1.0,1847.0,200.0,3.6666666666666665,3.5603591055500554
50.0,1.0,2000.0,200.0,3.6666666666666665,3.361619527215106
50.0,1.0,20.0,200.0,5.0,0.13824878592977852
50.0,1.0,21.0,200.0,5.0,0.15294935358865622
50.0,1.0,23.0,200.0,5.0,0.16338973052703032
50.0,1.0,25.0,200.0,5.0,0.1672088008192074
50.0,1.0,27.0,200.0,5.0,0.22118110464759533
50.0,1.0,29.0,200.0,5.0,0.22483066370968555
50.0,1.0,31.0,200.0,5.0,0.22674291153327258
50.0,1.0,34.0,200.0,5.0,0.2355363331512484
50.0,1.0,36.0,200.0,5.0,0.2728142579743467
50.0,1.0,39.0,200.0,5.0,0.2676936033538981
50.0,1.0,43.0,200.0,5.0,0.2700491850920037
50.0,1.0,46.0,200.0,5.0,0.2809055073340562
50.0,1.0,50.0,200.0,5.0,0.3571141154741423
50.0,1.0,54.0,200.0,5.0,0.3616121346064607
50.0,1.0,58.0,200.0,5.0,0.36602450048867174
50.0,1.0,63.0,200.0,5.0,0.44995483012376397
50.0,1.0,68.0,200.0,5.0,0.44597282375825437
50.0,1.0,73.0,200.0,5.0,0.49369636287177265
50.0,1.0,79.0,200.0,5.0,0.5804462395709654
50.0,1.0,85.0,200.0,5.0,0.6901883086931498
50.0,1.0,92.0,200.0,5.0,0.7839099944793108
50.0,1.0,100.0,200.0,5.0,0.7864148402390385
50.0,1.0,108.0,200.0,5.0,0.745633591914413
50.0,1.0,116.0,200.0,5.0,0.9473211056980978
50.0,1.0,126.0,200.0,5.0,1.0299387869887378
50.0,1.0,136.0,200.0,5.0,1.2219929392403968
50.0,1.0,147.0,200.0,5.0,1.8611488896753785
50.0,1.0,158.0,200.0,5.0,3.2623191608651294
50.0,1.0,171.0,200.0,5.0,3.695661866115268
50.0,1.0,185.0,200.0,5.0,21.017741377228074
50.0,1.0,200.0,200.0,5.0,1071.9744372376617
50.0,1.0,216.0,200.0,5.0,18.012604336820107
50.0,1.0,234.0,200.0,5.0,10.144568966232166
50.0,1.0,254.0,200.0,5.0,4.247147457672279
50.0,1.0,275.0,200.0,5.0,2.8472410684467477
50.0,1.0,297.0,200.0,5.0,2.324238370314316
50.0,1.0,322.0,200.0,5.0,1.8068501527248078
50.0,1.0,348.0,200.0,5.0,1.4920632852534166
50.0,1.0,377.0,200.0,5.0,1.2200096901069326
50.0,1.0,408.0,200.0,5.0,1.016432372872947
50.0,1.0,442.0,200.0,5.0,0.8807208936498928
50.0,1.0,479.0,200.0,5.0,0.7560785446301025
50.0,1.0,518.0,200.0,5.0,0.6568791643091201
50.0,1.0,561.0,200.0,5.0,0.5915310500820579
50.0,1.0,608.0,200.0,5.0,0.5377207896025871
50.0,1.0,658.0,200.0,5.0,0.48714127657460576
50.0,1.0,712.0,200.0,5.0,0.435210434199446
50.0,1.0,771.0,200.0,5.0,0.4100768810094066
50.0,1.0,835.0,200.0,5.0,0.3687619608796329
50.0,1.0,904.0,200.0,5.0,0.3530627744545766
50.0,1.0,979.0,200.0,5.0,0.34416901037795816
50.0,1.0,1059.0,200.0,5.0,0.32182747693051433
50.0,1.0,1147.0,200.0,5.0,0.3088668607541477
50.0,1.0,1242.0,200.0,5.0,0.30983208410005736
50.0,1.0,1344.0,200.0,5.0,0.30411148333095595
50.0,1.0,1455.0,200.0,5.0,3.7275025458468636
50.0,1.0,1576.0,200.0,5.0,5.758011627369741
50.0,1.0,1706.0,200.0,5.0,0.3030374457803517
50.0,1.0,1847.0,200.0,5.0,4.807086004189891
50.0,1.0,2000.0,200.0,5.0,4.542651278458991
100.0,1.0,20.0,200.0,1.0,0.1380537922270749
100.0,1.0,21.0,200.0,1.0,0.15311162919650353
100.0,1.0,23.0,200.0,1.0,0.1637053835119642
100.0,1.0,25.0,200.0,1.0,0.16749576304184446
100.0,1.0,27.0,200.0,1.0,0.2209111986310091
100.0,1.0,29.0,200.0,1.0,0.2246061572420398
100.0,1.0,31.0,200.0,1.0,0.2265617769612494
100.0,1.0,34.0,200.0,1.0,0.23535590266596046
100.0,1.0,36.0,200.0,1.0,0.2733938729581962
100.0,1.0,39.0,200.0,1.0,0.2681676364257238
100.0,1.0,43.0,200.0,1.0,0.2707691501856678
100.0,1.0,46.0,200.0,1.0,0.28154380390530587
100.0,1.0,50.0,200.0,1.0,0.3571799276376604
100.0,1.0,54.0,200.0,1.0,0.36204967771060736
100.0,1.0,58.0,200.0,1.0,0.3664039770815711
100.0,1.0,63.0,200.0,1.0,0.4500389736719023
100.0,1.0,68.0,200.0,1.0,0.4458518364028152
100.0,1.0,73.0,200.0,1.0,0.4936738429660805
100.0,1.0,79.0,200.0,1.0,0.5806831778351218
100.0,1.0,85.0,200.0,1.0,0.6907044436301017
100.0,1.0,92.0,200.0,1.0,0.7842439576153947
100.0,1.0,100.0,200.0,1.0,0.7863236498933035
100.0,1.0,108.0,200.0,1.0,0.7453371523887872
100.0,1.0,116.0,200.0,1.0,0.9477472521046009
100.0,1.0,126.0,200.0,1.0,1.0311045054856491
100.0,1.0,136.0,200.0,1.0,1.22552765294365
100.0,1.0,147.0,200.0,1.0,1.878034211414117
100.0,1.0,158.0,200.0,1.0,3.276988085229455
100.0,1.0,171.0,200.0,1.0,3.695183687960282
100.0,1.0,185.0,200.0,1.0,20.94612521287488
100.0,1.0,200.0,200.0,1.0,1064.2805519562912
100.0,1.0,216.0,200.0,1.0,17.88357234816736
100.0,1.0,234.0,200.0,1.0,10.110824241453308
100.0,1.0,254.0,200.0,1.0,4.233343861870229
100.0,1.0,275.0,200.0,1.0,2.8362676918982817
100.0,1.0,297.0,200.0,1.0,2.3112991475620968
100.0,1.0,322.0,200.0,1.0,1.791769828716932
100.0,1.0,348.0,200.0,1.0,1.475273134340655
100.0,1.0,377.0,200.0,1.0,1.1995765791881519
100.0,1.0,408.0,200.0,1.0,0.9994963655997028
100.0,1.0,442.0,200.0,1.0,0.8600897831286242
100.0,1.0,479.0,200.0,1.0,0.732063697450272
100.0,1.0,518.0,200.0,1.0,0.6303144567353285
100.0,1.0,561.0,200.0,1.0,0.5603245780518581
100.0,1.0,608.0,200.0,1.0,0.5019183344663682
100.0,1.0,658.0,200.0,1.0,0.4486197436618673
100.0,1.0,712.0,200.0,1.0,0.3948263656791753
100.0,1.0,771.0,200.0,1.0,0.35721808750056094
100.0,1.0,835.0,200.0,1.0,0.31228192432138524
100.0,1.0,904.0,200.0,1.0,0.2854258246081341
100.0,1.0,979.0,200.0,1.0,0.2693273335299827
100.0,1.0,1059.0,200.0,1.0,0.24337286651451906
100.0,1.0,1147.0,200.0,1.0,0.21824327692664264
100.0,1.0,1242.0,200.0,1.0,0.20589581664631496
100.0,1.0,1344.0,200.0,1.0,0.19146739837095256
100.0,1.0,1455.0,200.0,1.0,0.17463586870833947
100.0,1.0,1576.0,200.0,1.0,0.16200226728238434
100.0,1.0,1706.0,200.0,1.0,1.0464014546657734
100.0,1.0,1847.0,200.0,1.0,1.154796125126863
100.0,1.0,2000.0,200.0,1.0,1.109413155140896
100.0,1.0,20.0,200.0,2.333333333333333,0.1380537922270747
100.0,1.0,21.0,200.0,2.333333333333333,0.1531116291965
100.0,1.0,23.0,200.0,2.333333333333333,0.16370538351197064
100.0,1.0,25.0,200.0,2.333333333333333,0.16749576304184427
100.0,1.0,27.0,200.0,2.333333333333333,0.22091119863101558
100.0,1.0,29.0,200.0,2.333333333333333,0.22460615724203536
100.0,1.0,31.0,200.0,2.333333333333333,0.22656177696124888
100.0,1.0,34.0,200.0,2.333333333333333,0.23535590266596645
100.0,1.0,36.0,200.0,2.333333333333333,0.2733938729581824
100.0,1.0,39.0,200.0,2.333333333333333,0.2681676364257222
100.0,1.0,43.0,200.0,2.333333333333333,0.2707691501856715
100.0,1.0,46.0,200.0,2.333333333333333,0.2815438039052612
100.0,1.0,50.0,200.0,2.333333333333333,0.3571799276375855
100.0,1.0,54.0,200.0,2.333333333333333,0.36204967771062546
100.0,1.0,58.0,200.0,2.333333333333333,0.36640397708153216
100.0,1.0,63.0,200.0,2.333333333333333,0.45003897367192586
100.0,1.0,68.0,200.0,2.333333333333333,0.4458518364028603
100.0,1.0,73.0,200.0,2.333333333333333,0.49367384296608563
100.0,1.0,79.0,200.0,2.333333333333333,0.5806831778350953
100.0,1.0,85.0,200.0,2.333333333333333,0.6907044436303534
100.0,1.0,92.0,200.0,2.333333333333333,0.7842439576154893
100.0,1.0,100.0,200.0,2.333333333333333,0.7863236498933909
100.0,1.0,108.0,200.0,2.333333333333333,0.7453371523887484
100.0,1.0,116.0,200.0,2.333333333333333,0.9477472521046584
100.0,1.0,126.0,200.0,2.333333333333333,1.0311045054858194
100.0,1.0,136.0,200.0,2.333333333333333,1.2255276529433285
100.0,1.0,147.0,200.0,2.333333333333333,1.8780342114143969
100.0,1.0,158.0,200.0,2.333333333333333,3.276988085226433
100.0,1.0,171.0,200.0,2.333333333333333,3.6951836879603803
100.0,1.0,185.0,200.0,2.333333333333333,20.946125212830754
100.0,1.0,200.0,200.0,2.333333333333333,1064.2805520083698
100.0,1.0,216.0,200.0,2.333333333333333,17.884464844579767
100.0,1.0,234.0,200.0,2.333333333333333,10.112088236342611
100.0,1.0,254.0,200.0,2.333333333333333,4.234772462875982
100.0,1.0,275.0,200.0,2.333333333333333,2.837402366054018
100.0,1.0,297.0,200.0,2.333333333333333,2.3126722972582576
100.0,1.0,322.0,200.0,2.333333333333333,1.7934230065305816
100.0,1.0,348.0,200.0,2.333333333333333,1.4771362359400404
100.0,1.0,377.0,200.0,2.333333333333333,1.2018220527357986
100.0,1.0,408.0,200.0,2.333333333333333,1.001077316014505
100.0,1.0,442.0,200.0,2.333333333333333,0.8621103426291226
100.0,1.0,479.0,200.0,2.333333333333333,0.7344618078738655
100.0,1.0,518.0,200.0,2.333333333333333,0.6327125222770551
100.0,1.0,561.0,200.0,2.333333333333333,0.5631826102807577
100.0,1.0,608.0,200.0,2.333333333333333,0.5051644498614968
100.0,1.0,658.0,200.0,2.333333333333333,0.4518942161503477
100.0,1.0,712.0,200.0,2.333333333333333,0.3981014725096735
100.0,1.0,771.0,200.0,2.333333333333333,0.3619789861799843
100.0,1.0,835.0,200.0,2.333333333333333,0.31711090995669733
100.0,1.0,904.0,200.0,2.333333333333333,0.29143122950662803
100.0,1.0,979.0,200.0,2.333333333333333,0.2761927008818739
100.0,1.0,1059.0,200.0,2.333333333333333,0.2504559205127367
100.0,1.0,1147.0,200.0,2.333333333333333,0.2264578884356406
100.0,1.0,1242.0,200.0,2.333333333333333,0.21558305678788073
100.0,1.0,1344.0,200.0,2.333333333333333,0.2018763541006517
100.0,1.0,1455.0,200.0,2.333333333333333,0.18588884229816677
100.0,1.0,1576.0,200.0,2.333333333333333,0.17444315472095281
100.0,1.0,1706.0,200.0,2.333333333333333,2.2659669378397154
100.0,1.0,1847.0,200.0,2.333333333333333,2.528561389923136
100.0,1.0,2000.0,200.0,2.333333333333333,2.4462651497004546
100.0,1.0,20.0,200.0,3.6666666666666665,0.1380537922270744
100.0,1.0,21.0,200.0,3.6666666666666665,0.1531116291964978
100.0,1.0,23.0,200.0,3.6666666666666665,0.1637053835119754
100.0,1.0,25.0,200.0,3.6666666666666665,0.16749576304184471
100.0,1.0,27.0,200.0,3.6666666666666665,0.22091119863101977
100.0,1.0,29.0,200.0,3.6666666666666665,0.22460615724203267
100.0,1.0,31.0,200.0,3.6666666666666665,0.22656177696124905
100.0,1.0,34.0,200.0,3.6666666666666665,0.23535590266597128
100.0,1.0,36.0,200.0,3.6666666666666665,0.2733938729581717
100.0,1.0,39.0,200.0,3.6666666666666665,0.2681676364257219
100.0,1.0,43.0,200.0,3.6666666666666665,0.2707691501856747
100.0,1.0,46.0,200.0,3.6666666666666665,0.2815438039052224
100.0,1.0,50.0,200.0,3.6666666666666665,0.357179927637533
100.0,1.0,54.0,200.0,3.6666666666666665,0.3620496777106403
100.0,1.0,58.0,200.0,3.6666666666666665,0.3664039770815065
100.0,1.0,63.0,200.0,3.6666666666666665,0.4500389736719388
100.0,1.0,68.0,200.0,3.6666666666666665,0.4458518364028892
100.0,1.0,73.0,200.0,3.6666666666666665,0.4936738429660878
100.0,1.0,79.0,200.0,3.6666666666666665,0.5806831778350796
100.0,1.0,85.0,200.0,3.6666666666666665,0.6907044436305405
100.0,1.0,92.0,200.0,3.6666666666666665,0.7842439576155521
100.0,1.0,100.0,200.0,3.6666666666666665,0.7863236498934564
100.0,1.0,108.0,200.0,3.6666666666666665,0.7453371523887172
100.0,1.0,116.0,200.0,3.6666666666666665,0.9477472521047006
100.0,1.0,126.0,200.0,3.6666666666666665,1.0311045054859473
100.0,1.0,136.0,200.0,3.6666666666666665,1.2255276529430967
100.0,1.0,147.0,200.0,3.6666666666666665,1.878034211414633
100.0,1.0,158.0,200.0,3.6666666666666665,3.276988085224299
100.0,1.0,171.0,200.0,3.6666666666666665,3.695183687960382
100.0,1.0,185.0,200.0,3.6666666666666665,20.946125212798265
100.0,1.0,200.0,200.0,3.6666666666666665,1064.280552046562
100.0,1.0,216.0,200.0,3.6666666666666665,17.885132591958687
100.0,1.0,234.0,200.0,3.6666666666666665,10.11304879950665
100.0,1.0,254.0,200.0,3.6666666666666665,4.23590380089841
100.0,1.0,275.0,200.0,3.6666666666666665,2.838340638484052
100.0,1.0,297.0,200.0,3.6666666666666665,2.3137937061408542
100.0,1.0,322.0,200.0,3.6666666666666665,1.7947740092357134
100.0,1.0,348.0,200.0,3.6666666666666665,1.4786615789454398
100.0,1.0,377.0,200.0,3.6666666666666665,1.2036735047700817
100.0,1.0,408.0,200.0,3.6666666666666665,1.0024737750219688
100.0,1.0,442.0,200.0,3.6666666666666665,0.863858884228737
100.0,1.0,479.0,200.0,3.6666666666666665,0.7365263466519099
100.0,1.0,518.0,200.0,3.6666666666666665,0.6348598783237829
100.0,1.0,561.0,200.0,3.6666666666666665,0.5657290742888011
100.0,1.0,608.0,200.0,3.6666666666666665,0.5080594086319914
100.0,1.0,658.0,200.0,3.6666666666666665,0.45489778771096934
100.0,1.0,712.0,200.0,3.6666666666666665,0.40117559802471475
100.0,1.0,771.0,200.0,3.6666666666666665,0.3662303128168853
100.0,1.0,835.0,200.0,3.6666666666666665,0.3215171719680851
100.0,1.0,904.0,200.0,3.6666666666666665,0.29681082493518596
100.0,1.0,979.0,200.0,3.6666666666666665,0.2822591945640042
100.0,1.0,1059.0,200.0,3.6666666666666665,0.2567571056540812
100.0,1.0,1147.0,200.0,3.6666666666666665,0.23376012625157927
100.0,1.0,1242.0,200.0,3.6666666666666665,0.22409918697449538
100.0,1.0,1344.0,200.0,3.6666666666666665,0.21106248262632976
100.0,1.0,1455.0,200.0,3.6666666666666665,0.1959289124347393
100.0,1.0,1576.0,200.0,3.6666666666666665,0.185549022371782
100.0,1.0,1706.0,200.0,3.6666666666666665,3.486648647592977
100.0,1.0,1847.0,200.0,3.6666666666666665,3.9025826578650165
100.0,1.0,2000.0,200.0,3.6666666666666665,3.784594815319134
100.0,1.0,20.0,200.0,5.0,0.13805379222707434
100.0,1.0,21.0,200.0,5.0,0.15311162919649632
100.0,1.0,23.0,200.0,5.0,0.16370538351197952
100.0,1.0,25.0,200.0,5.0,0.16749576304184538
100.0,1.0,27.0,200.0,5.0,0.22091119863102457
100.0,1.0,29.0,200.0,5.0,0.2246061572420328
100.0,1.0,31.0,200.0,5.0,0.22656177696124938
100.0,1.0,34.0,200.0,5.0,0.23535590266597556
100.0,1.0,36.0,200.0,5.0,0.27339387295816264
100.0,1.0,39.0,200.0,5.0,0.26816763642572244
100.0,1.0,43.0,200.0,5.0,0.27076915018567654
100.0,1.0,46.0,200.0,5.0,0.2815438039051982
100.0,1.0,50.0,200.0,5.0,0.35717992763748685
100.0,1.0,54.0,200.0,5.0,0.36204967771064994
100.0,1.0,58.0,200.0,5.0,0.3664039770814811
100.0,1.0,63.0,200.0,5.0,0.45003897367195184
100.0,1.0,68.0,200.0,5.0,0.4458518364029238
100.0,1.0,73.0,200.0,5.0,0.49367384296608724
100.0,1.0,79.0,200.0,5.0,0.5806831778350526
100.0,1.0,85.0,200.0,5.0,0.6907044436307043
100.0,1.0,92.0,200.0,5.0,0.7842439576156164
100.0,1.0,100.0,200.0,5.0,0.7863236498935112
100.0,1.0,108.0,200.0,5.0,0.7453371523886886
100.0,1.0,116.0,200.0,5.0,0.9477472521047458
100.0,1.0,126.0,200.0,5.0,1.0311045054860521
100.0,1.0,136.0,200.0,5.0,1.2255276529428982
100.0,1.0,147.0,200.0,5.0,1.878034211414864
100.0,1.0,158.0,200.0,5.0,3.276988085222451
100.0,1.0,171.0,200.0,5.0,3.6951836879605295
100.0,1.0,185.0,200.0,5.0,20.946125212771264
100.0,1.0,200.0,200.0,5.0,1064.2805520782595
100.0,1.0,216.0,200.0,5.0,17.88569434982394
100.0,1.0,234.0,200.0,5.0,10.113866267144623
100.0,1.0,254.0,200.0,5.0,4.236894952515021
100.0,1.0,275.0,200.0,5.0,2.8391862897214795
100.0,1.0,297.0,200.0,5.0,2.3147963964414746
100.0,1.0,322.0,200.0,5.0,1.7959825090233237
100.0,1.0,348.0,200.0,5.0,1.4800276381987907
100.0,1.0,377.0,200.0,5.0,1.2053391399926765
100.0,1.0,408.0,200.0,5.0,1.0037832296300906
100.0,1.0,442.0,200.0,5.0,0.8654791447640823
100.0,1.0,479.0,200.0,5.0,0.7384335762029824
100.0,1.0,518.0,200.0,5.0,0.6368890021485367
100.0,1.0,561.0,200.0,5.0,0.5681286056765152
100.0,1.0,608.0,200.0,5.0,0.5107887652660819
100.0,1.0,658.0,200.0,5.0,0.45777360496121616
100.0,1.0,712.0,200.0,5.0,0.4041549426559937
100.0,1.0,771.0,200.0,5.0,0.3702413301075089
100.0,1.0,835.0,200.0,5.0,0.3257240815243862
100.0,1.0,904.0,200.0,5.0,0.3018952945483003
100.0,1.0,979.0,200.0,5.0,0.28794894699410645
100.0,1.0,1059.0,200.0,5.0,0.2626895688520313
100.0,1.0,1147.0,200.0,5.0,0.2406320972801369
100.0,1.0,1242.0,200.0,5.0,0.23206303280453414
100.0,1.0,1344.0,200.0,5.0,0.2196719374308461
100.0,1.0,1455.0,200.0,5.0,0.20539698879706456
100.0,1.0,1576.0,200.0,5.0,0.19602530734211893
100.0,1.0,1706.0,200.0,5.0,4.707856759222949
100.0,1.0,1847.0,200.0,5.0,5.276724654464344
100.0,1.0,2000.0,200.0,5.0,5.123621336605983
200.0,1.0,20.0,200.0,1.0,0.1379554513129925
200.0,1.0,21.0,200.0,1.0,0.1532315817341837
200.0,1.0,23.0,200.0,1.0,0.16388335264310477
200.0,1.0,25.0,200.0,1.0,0.16765660688843878
200.0,1.0,27.0,200.0,1.0,0.220741172184503
200.0,1.0,29.0,200.0,1.0,0.224458723727503
200.0,1.0,31.0,200.0,1.0,0.22643204662095587
200.0,1.0,34.0,200.0,1.0,0.23523578510600915
200.0,1.0,36.0,200.0,1.0,0.2736816622996651
200.0,1.0,39.0,200.0,1.0,0.26840758512640256
200.0,1.0,43.0,200.0,1.0,0.2711389084239681
200.0,1.0,46.0,200.0,1.0,0.2818627709260396
200.0,1.0,50.0,200.0,1.0,0.35720505953705695
200.0,1.0,54.0,200.0,1.0,0.36227395965195636
200.0,1.0,58.0,200.0,1.0,0.36659755833120145
200.0,1.0,63.0,200.0,1.0,0.45007208357177003
200.0,1.0,68.0,200.0,1.0,0.44578593094266605
200.0,1.0,73.0,200.0,1.0,0.4936627892321312
200.0,1.0,79.0,200.0,1.0,0.5808116785540506
200.0,1.0,85.0,200.0,1.0,0.690977015274114
200.0,1.0,92.0,200.0,1.0,0.784416292308014
200.0,1.0,100.0,200.0,1.0,0.7862731987591065
200.0,1.0,108.0,200.0,1.0,0.7451833416242696
200.0,1.0,116.0,200.0,1.0,0.9479703865064534
200.0,1.0,126.0,200.0,1.0,1.0318111613380456
200.0,1.0,136.0,200.0,1.0,1.2274736998540408
200.0,1.0,147.0,200.0,1.0,1.8868189145049232
200.0,1.0,158.0,200.0,1.0,3.2844789784694686
200.0,1.0,171.0,200.0,1.0,3.6948190346789787
200.0,1.0,185.0,200.0,1.0,20.90879654649078
200.0,1.0,200.0,200.0,1.0,1060.4232668334023
200.0,1.0,216.0,200.0,1.0,17.82365166186688
200.0,1.0,234.0,200.0,1.0,10.097325819122831
200.0,1.0,254.0,200.0,1.0,4.231034302632033
200.0,1.0,275.0,200.0,1.0,2.835031497927701
200.0,1.0,297.0,200.0,1.0,2.309685946699251
200.0,1.0,322.0,200.0,1.0,1.790156752285557
200.0,1.0,348.0,200.0,1.0,1.4736116767390992
200.0,1.0,377.0,200.0,1.0,1.1977405832656731
200.0,1.0,408.0,200.0,1.0,0.9983488103305544
200.0,1.0,442.0,200.0,1.0,0.858571402778514
200.0,1.0,479.0,200.0,1.0,0.7302719825294169
200.0,1.0,518.0,200.0,1.0,0.6286303687122591
200.0,1.0,561.0,200.0,1.0,0.5583083052798448
200.0,1.0,608.0,200.0,1.0,0.49960652650258397
200.0,1.0,658.0,200.0,1.0,0.4464069847082153
200.0,1.0,712.0,200.0,1.0,0.3927291689291104
200.0,1.0,771.0,200.0,1.0,0.3538211386124724
200.0,1.0,835.0,200.0,1.0,0.3089474487609875
200.0,1.0,904.0,200.0,1.0,0.28110778715311235
200.0,1.0,979.0,200.0,1.0,0.26427087133817606
200.0,1.0,1059.0,200.0,1.0,0.23822668095771637
200.0,1.0,1147.0,200.0,1.0,0.21227613545415291
200.0,1.0,1242.0,200.0,1.0,0.19873640850350266
200.0,1.0,1344.0,200.0,1.0,0.18384029299578172
200.0,1.0,1455.0,200.0,1.0,0.16656805916862655
200.0,1.0,1576.0,200.0,1.0,1.1363434462338942
200.0,1.0,1706.0,200.0,1.0,1.0388415140089329
200.0,1.0,1847.0,200.0,1.0,1.1795106176711663
200.0,1.0,2000.0,200.0,1.0,1.1513012232276487
200.0,1.0,20.0,200.0,2.333333333333333,0.137955451312995
200.0,1.0,21.0,200.0,2.333333333333333,0.15323158173415746
200.0,1.0,23.0,200.0,2.333333333333333,0.1638833526431014
200.0,1.0,25.0,200.0,2.333333333333333,0.1676566068884509
200.0,1.0,27.0,200.0,2.333333333333333,0.22074117218446818
200.0,1.0,29.0,200.0,2.333333333333333,0.22445872372747994
200.0,1.0,31.0,200.0,2.333333333333333,0.22643204662096306
200.0,1.0,34.0,200.0,2.333333333333333,0.23523578510597246
200.0,1.0,36.0,200.0,2.333333333333333,0.27368166229966123
200.0,1.0,39.0,200.0,2.333333333333333,0.26840758512638696
200.0,1.0,43.0,200.0,2.333333333333333,0.2711389084238007
200.0,1.0,46.0,200.0,2.333333333333333,0.2818627709261062
200.0,1.0,50.0,200.0,2.333333333333333,0.3572050595370243
200.0,1.0,54.0,200.0,2.333333333333333,0.36227395965212006
200.0,1.0,58.0,200.0,2.333333333333333,0.3665975583309772
200.0,1.0,63.0,200.0,2.333333333333333,0.4500720835715603
200.0,1.0,68.0,200.0,2.333333333333333,0.44578593094238766
200.0,1.0,73.0,200.0,2.333333333333333,0.4936627892321614
200.0,1.0,79.0,200.0,2.333333333333333,0.5808116785531937
200.0,1.0,85.0,200.0,2.333333333333333,0.6909770152746565
200.0,1.0,92.0,200.0,2.333333333333333,0.7844162923076256
200.0,1.0,100.0,200.0,2.333333333333333,0.7862731987590148
200.0,1.0,108.0,200.0,2.333333333333333,0.7451833416242007
200.0,1.0,116.0,200.0,2.333333333333333,0.9479703865068903
200.0,1.0,126.0,200.0,2.333333333333333,1.0318111613370609
200.0,1.0,136.0,200.0,2.333333333333333,1.2274736998573785
200.0,1.0,147.0,200.0,2.333333333333333,1.886818914508534
200.0,1.0,158.0,200.0,2.333333333333333,3.2844789784792856
200.0,1.0,171.0,200.0,2.333333333333333,3.694819034689121
200.0,1.0,185.0,200.0,2.333333333333333,20.908796546565053
200.0,1.0,200.0,200.0,2.333333333333333,1060.4232659263787
200.0,1.0,216.0,200.0,2.333333333333333,17.824086399682006
200.0,1.0,234.0,200.0,2.333333333333333,10.09793345703479
200.0,1.0,254.0,200.0,2.333333333333333,4.231674761334308
200.0,1.0,275.0,200.0,2.333333333333333,2.835504760670279
200.0,1.0,297.0,200.0,2.333333333333333,2.310275533811282
200.0,1.0,322.0,200.0,2.333333333333333,1.7908614137156662
200.0,1.0,348.0,200.0,2.333333333333333,1.4744031508894067
200.0,1.0,377.0,200.0,2.333333333333333,1.1986781247452043
200.0,1.0,408.0,200.0,2.333333333333333,0.9989244193994539
200.0,1.0,442.0,200.0,2.333333333333333,0.8593410766819386
200.0,1.0,479.0,200.0,2.333333333333333,0.7311983906868209
200.0,1.0,518.0,200.0,2.333333333333333,0.6294734144294046
200.0,1.0,561.0,200.0,2.333333333333333,0.5593264627635348
200.0,1.0,608.0,200.0,2.333333333333333,0.5007537396076743
200.0,1.0,658.0,200.0,2.333333333333333,0.44748618478084684
200.0,1.0,712.0,200.0,2.333333333333333,0.3937472758681183
200.0,1.0,771.0,200.0,2.333333333333333,0.35549468461623057
200.0,1.0,835.0,200.0,2.333333333333333,0.31055158280758954
200.0,1.0,904.0,200.0,2.333333333333333,0.28319093046219085
200.0,1.0,979.0,200.0,2.333333333333333,0.26673234599891177
200.0,1.0,1059.0,200.0,2.333333333333333,0.24072682770264878
200.0,1.0,1147.0,200.0,2.333333333333333,0.21518409866192442
200.0,1.0,1242.0,200.0,2.333333333333333,0.20225909480860615
200.0,1.0,1344.0,200.0,2.333333333333333,0.1875939961501247
200.0,1.0,1455.0,200.0,2.333333333333333,0.17052745062372096
200.0,1.0,1576.0,200.0,2.333333333333333,2.472161270245666
200.0,1.0,1706.0,200.0,2.333333333333333,2.2523805456982737
200.0,1.0,1847.0,200.0,2.333333333333333,2.595040675679939
200.0,1.0,2000.0,200.0,2.333333333333333,2.552483197802897
200.0,1.0,20.0,200.0,3.6666666666666665,0.13795545131299833
200.0,1.0,21.0,200.0,3.6666666666666665,0.15323158173413667
200.0,1.0,23.0,200.0,3.6666666666666665,0.1638833526430998
200.0,1.0,25.0,200.0,3.6666666666666665,0.1676566068884569
200.0,1.0,27.0,200.0,3.6666666666666665,0.2207411721844424
200.0,1.0,29.0,200.0,3.6666666666666665,0.22445872372746545
200.0,1.0,31.0,200.0,3.6666666666666665,0.22643204662096192
200.0,1.0,34.0,200.0,3.6666666666666665,0.23523578510594806
200.0,1.0,36.0,200.0,3.6666666666666665,0.2736816622996563
200.0,1.0,39.0,200.0,3.6666666666666665,0.2684075851263763
200.0,1.0,43.0,200.0,3.6666666666666665,0.27113890842368144
200.0,1.0,46.0,200.0,3.6666666666666665,0.2818627709261422
200.0,1.0,50.0,200.0,3.6666666666666665,0.3572050595369976
200.0,1.0,54.0,200.0,3.6666666666666665,0.36227395965224085
200.0,1.0,58.0,200.0,3.6666666666666665,0.366597558330818
200.0,1.0,63.0,200.0,3.6666666666666665,0.4500720835713946
200.0,1.0,68.0,200.0,3.6666666666666665,0.44578593094221824
200.0,1.0,73.0,200.0,3.6666666666666665,0.49366278923222834
200.0,1.0,79.0,200.0,3.6666666666666665,0.5808116785525713
200.0,1.0,85.0,200.0,3.6666666666666665,0.6909770152750623
200.0,1.0,92.0,200.0,3.6666666666666665,0.7844162923073489
200.0,1.0,100.0,200.0,3.6666666666666665,0.7862731987589645
200.0,1.0,108.0,200.0,3.6666666666666665,0.7451833416241245
200.0,1.0,116.0,200.0,3.6666666666666665,0.9479703865072168
200.0,1.0,126.0,200.0,3.6666666666666665,1.0318111613363383
200.0,1.0,136.0,200.0,3.6666666666666665,1.2274736998597715
200.0,1.0,147.0,200.0,3.6666666666666665,1.8868189145109933
200.0,1.0,158.0,200.0,3.6666666666666665,3.2844789784863657
200.0,1.0,171.0,200.0,3.6666666666666665,3.694819034696618
200.0,1.0,185.0,200.0,3.6666666666666665,20.908796546618873
200.0,1.0,200.0,200.0,3.6666666666666665,1060.423265260325
200.0,1.0,216.0,200.0,3.6666666666666665,17.824408704734743
200.0,1.0,234.0,200.0,3.6666666666666665,10.098387729630756
200.0,1.0,254.0,200.0,3.6666666666666665,4.232165524388227
200.0,1.0,275.0,200.0,3.6666666666666665,2.835878442428544
200.0,1.0,297.0,200.0,3.6666666666666665,2.310736704513836
200.0,1.0,322.0,200.0,3.6666666666666665,1.7914130867422164
200.0,1.0,348.0,200.0,3.6666666666666665,1.4750235724251404
200.0,1.0,377.0,200.0,3.6666666666666665,1.1994171569126566
200.0,1.0,408.0,200.0,3.6666666666666665,0.9994060180260601
200.0,1.0,442.0,200.0,3.6666666666666665,0.8599724030265439
200.0,1.0,479.0,200.0,3.6666666666666665,0.7319545652156987
200.0,1.0,518.0,200.0,3.6666666666666665,0.630189167335841
200.0,1.0,561.0,200.0,3.6666666666666665,0.5601862296100647
200.0,1.0,608.0,200.0,3.6666666666666665,0.5017240696124651
200.0,1.0,658.0,200.0,3.6666666666666665,0.4484284866662894
200.0,1.0,712.0,200.0,3.6666666666666665,0.3946622362905139
200.0,1.0,771.0,200.0,3.6666666666666665,0.356912396930748
200.0,1.0,835.0,200.0,3.6666666666666665,0.311944678576393
200.0,1.0,904.0,200.0,3.6666666666666665,0.28496297332290776
200.0,1.0,979.0,200.0,3.6666666666666665,0.2687961331080649
200.0,1.0,1059.0,200.0,3.6666666666666665,0.2428375637686038
200.0,1.0,1147.0,200.0,3.6666666666666665,0.21763705208128495
200.0,1.0,1242.0,200.0,3.6666666666666665,0.20519669622894088
200.0,1.0,1344.0,200.0,3.6666666666666665,0.19073616243100078
200.0,1.0,1455.0,200.0,3.6666666666666665,0.17387924356877615
200.0,1.0,1576.0,200.0,3.6666666666666665,3.810886861656275
200.0,1.0,1706.0,200.0,3.6666666666666665,3.4677351968011565
200.0,1.0,1847.0,200.0,3.6666666666666665,4.012369868803053
200.0,1.0,2000.0,200.0,3.6666666666666665,3.9566308500319995
200.0,1.0,20.0,200.0,5.0,0.13795545131300258
200.0,1.0,21.0,200.0,5.0,0.1532315817341186
200.0,1.0,23.0,200.0,5.0,0.16388335264309967
200.0,1.0,25.0,200.0,5.0,0.16765660688846837
200.0,1.0,27.0,200.0,5.0,0.22074117218442066
200.0,1.0,29.0,200.0,5.0,0.22445872372745126
200.0,1.0,31.0,200.0,5.0,0.2264320466209615
200.0,1.0,34.0,200.0,5.0,0.23523578510592516
200.0,1.0,36.0,200.0,5.0,0.2736816622996513
200.0,1.0,39.0,200.0,5.0,0.2684075851263714
200.0,1.0,43.0,200.0,5.0,0.27113890842358607
200.0,1.0,46.0,200.0,5.0,0.28186277092617634
200.0,1.0,50.0,200.0,5.0,0.3572050595369882
200.0,1.0,54.0,200.0,5.0,0.36227395965233694
200.0,1.0,58.0,200.0,5.0,0.366597558330691
200.0,1.0,63.0,200.0,5.0,0.45007208357126455
200.0,1.0,68.0,200.0,5.0,0.44578593094206137
200.0,1.0,73.0,200.0,5.0,0.4936627892322759
200.0,1.0,79.0,200.0,5.0,0.5808116785520437
200.0,1.0,85.0,200.0,5.0,0.6909770152754033
200.0,1.0,92.0,200.0,5.0,0.7844162923071063
200.0,1.0,100.0,200.0,5.0,0.7862731987588877
200.0,1.0,108.0,200.0,5.0,0.745183341624062
200.0,1.0,116.0,200.0,5.0,0.947970386507433
200.0,1.0,126.0,200.0,5.0,1.0318111613357508
200.0,1.0,136.0,200.0,5.0,1.227473699861849
200.0,1.0,147.0,200.0,5.0,1.8868189145132777
200.0,1.0,158.0,200.0,5.0,3.284478978492379
200.0,1.0,171.0,200.0,5.0,3.694819034703079
200.0,1.0,185.0,200.0,5.0,20.908796546665346
200.0,1.0,200.0,200.0,5.0,1060.4232647080787
200.0,1.0,216.0,200.0,5.0,17.82467798756125
200.0,1.0,234.0,200.0,5.0,10.098769676598494
200.0,1.0,254.0,200.0,5.0,4.232585692392376
200.0,1.0,275.0,200.0,5.0,2.8362051627380978
200.0,1.0,297.0,200.0,5.0,2.3111373152546504
200.0,1.0,322.0,200.0,5.0,1.7918926118876022
200.0,1.0,348.0,200.0,5.0,1.475563327168592
200.0,1.0,377.0,200.0,5.0,1.2000625739697472
200.0,1.0,408.0,200.0,5.0,0.9998432822188678
200.0,1.0,442.0,200.0,5.0,0.8605384859734105
200.0,1.0,479.0,200.0,5.0,0.7326304591784808
200.0,1.0,518.0,200.0,5.0,0.6308448901590346
200.0,1.0,561.0,200.0,5.0,0.5609713009332838
200.0,1.0,608.0,200.0,5.0,0.5026109832232424
200.0,1.0,658.0,200.0,5.0,0.44930622866395625
200.0,1.0,712.0,200.0,5.0,0.39552855379318136
200.0,1.0,771.0,200.0,5.0,0.35820946050175245
200.0,1.0,835.0,200.0,5.0,0.3132382506933609
200.0,1.0,904.0,200.0,5.0,0.2865883041603824
200.0,1.0,979.0,200.0,5.0,0.27067237453660864
200.0,1.0,1059.0,200.0,5.0,0.24476465744843875
200.0,1.0,1147.0,200.0,5.0,0.21987542719670533
200.0,1.0,1242.0,200.0,5.0,0.20785837716219166
200.0,1.0,1344.0,200.0,5.0,0.19358993371768435
200.0,1.0,1455.0,200.0,5.0,0.17694449881428664
200.0,1.0,1576.0,200.0,5.0,5.15098372861639
200.0,1.0,1706.0,200.0,5.0,4.683946076813609
200.0,1.0,1847.0,200.0,5.0,5.430547516996486
200.0,1.0,2000.0,200.0,5.0,5.362177087738167
500.0,1.0,20.0,200.0,1.0,0.1378975867190657
500.0,1.0,21.0,200.0,1.0,0.1533172804090752
500.0,1.0,23.0,200.0,1.0,0.16399680293758814
500.0,1.0,25.0,200.0,1.0,0.16775876850883345
500.0,1.0,27.0,200.0,1.0,0.22062861494862718
500.0,1.0,29.0,200.0,1.0,0.2243596371864518
500.0,1.0,31.0,200.0,1.0,0.2263422482514873
500.0,1.0,34.0,200.0,1.0,0.23515461586896264
500.0,1.0,36.0,200.0,1.0,0.2738535848365057
500.0,1.0,39.0,200.0,1.0,0.26855244757220215
500.0,1.0,43.0,200.0,1.0,0.2713635324506514
500.0,1.0,46.0,200.0,1.0,0.28205377449535707
500.0,1.0,50.0,200.0,1.0,0.3572175034547604
500.0,1.0,54.0,200.0,1.0,0.362409883341118
500.0,1.0,58.0,200.0,1.0,0.3667147662983705
500.0,1.0,63.0,200.0,1.0,0.45008896486050626
500.0,1.0,68.0,200.0,1.0,0.4457447000276374
500.0,1.0,73.0,200.0,1.0,0.49365630630820917
500.0,1.0,79.0,200.0,1.0,0.5808919653212533
500.0,1.0,85.0,200.0,1.0,0.6911450061914849
500.0,1.0,92.0,200.0,1.0,0.7845213150915408
500.0,1.0,100.0,200.0,1.0,0.7862414966378779
500.0,1.0,108.0,200.0,1.0,0.7450894440528221
500.0,1.0,116.0,200.0,1.0,0.9481075248607725
500.0,1.0,126.0,200.0,1.0,1.0322753855249271
500.0,1.0,136.0,200.0,1.0,1.2286986734897816
500.0,1.0,147.0,200.0,1.0,1.8921929117061511
500.0,1.0,158.0,200.0,1.0,3.289022067226648
500.0,1.0,171.0,200.0,1.0,3.694561948897214
500.0,1.0,185.0,200.0,1.0,20.885913584876462
500.0,1.0,200.0,200.0,1.0,1058.1056203556734
500.0,1.0,216.0,200.0,1.0,17.78846665066675
500.0,1.0,234.0,200.0,1.0,10.08924306174279
500.0,1.0,254.0,200.0,1.0,4.229695107195479
500.0,1.0,275.0,200.0,1.0,2.8343492730475472
500.0,1.0,297.0,200.0,1.0,2.308774882039055
500.0,1.0,322.0,200.0,1.0,1.789267106790812
500.0,1.0,348.0,200.0,1.0,1.4727052362654576
500.0,1.0,377.0,200.0,1.0,1.1967653387144492
500.0,1.0,408.0,200.0,1.0,0.9978074512029418
500.0,1.0,442.0,200.0,1.0,0.8578235075060034
500.0,1.0,479.0,200.0,1.0,0.7293785174771604
500.0,1.0,518.0,200.0,1.0,0.6278678143192951
500.0,1.0,561.0,200.0,1.0,0.5573830482710438
500.0,1.0,608.0,200.0,1.0,0.4985559877829145
500.0,1.0,658.0,200.0,1.0,0.4454747705027982
500.0,1.0,712.0,200.0,1.0,0.3919057697167043
500.0,1.0,771.0,200.0,1.0,0.3522868311114264
500.0,1.0,835.0,200.0,1.0,0.3075308698709127
500.0,1.0,904.0,200.0,1.0,0.2791855361269072
500.0,1.0,979.0,200.0,1.0,0.26194202127759525
500.0,1.0,1059.0,200.0,1.0,0.23589378836246697
500.0,1.0,1147.0,200.0,1.0,0.20956237611316023
500.0,1.0,1242.0,200.0,1.0,0.19539097933417365
500.0,1.0,1344.0,200.0,1.0,0.1803053045755817
500.0,1.0,1455.0,200.0,1.0,1.108550666231893
500.0,1.0,1576.0,200.0,1.0,1.692243105690158
500.0,1.0,1706.0,200.0,1.0,1.140575741459168
500.0,1.0,1847.0,200.0,1.0,1.2042008706745377
500.0,1.0,2000.0,200.0,1.0,1.1731131388750358
500.0,1.0,20.0,200.0,2.333333333333333,0.13789758671930352
500.0,1.0,21.0,200.0,2.333333333333333,0.15331728040901124
500.0,1.0,23.0,200.0,2.333333333333333,0.16399680293723573
500.0,1.0,25.0,200.0,2.333333333333333,0.16775876850816568
500.0,1.0,27.0,200.0,2.333333333333333,0.22062861494753278
500.0,1.0,29.0,200.0,2.333333333333333,0.22435963718615035
500.0,1.0,31.0,200.0,2.333333333333333,0.2263422482527274
500.0,1.0,34.0,200.0,2.333333333333333,0.23515461586842756
500.0,1.0,36.0,200.0,2.333333333333333,0.27385358483620775
500.0,1.0,39.0,200.0,2.333333333333333,0.2685524475723033
500.0,1.0,43.0,200.0,2.333333333333333,0.27136353244931843
500.0,1.0,46.0,200.0,2.333333333333333,0.2820537744988773
500.0,1.0,50.0,200.0,2.333333333333333,0.3572175034551798
500.0,1.0,54.0,200.0,2.333333333333333,0.3624098833432832
500.0,1.0,58.0,200.0,2.333333333333333,0.36671476629936617
500.0,1.0,63.0,200.0,2.333333333333333,0.4500889648591061
500.0,1.0,68.0,200.0,2.333333333333333,0.44574470002879735
500.0,1.0,73.0,200.0,2.333333333333333,0.49365630630694224
500.0,1.0,79.0,200.0,2.333333333333333,0.5808919653271433
500.0,1.0,85.0,200.0,2.333333333333333,0.6911450061976182
500.0,1.0,92.0,200.0,2.333333333333333,0.7845213150923847
500.0,1.0,100.0,200.0,2.333333333333333,0.7862414966336597
500.0,1.0,108.0,200.0,2.333333333333333,0.7450894440499344
500.0,1.0,116.0,200.0,2.333333333333333,0.9481075248679371
500.0,1.0,126.0,200.0,2.333333333333333,1.0322753855101263
500.0,1.0,136.0,200.0,2.333333333333333,1.2286986735151757
500.0,1.0,147.0,200.0,2.333333333333333,1.8921929117269425
500.0,1.0,158.0,200.0,2.333333333333333,3.2890220672759196
500.0,1.0,171.0,200.0,2.333333333333333,3.6945619492069017
500.0,1.0,185.0,200.0,2.333333333333333,20.885913585253554
500.0,1.0,200.0,200.0,2.333333333333333,1058.1056199931327
500.0,1.0,216.0,200.0,2.333333333333333,17.788637754943874
500.0,1.0,234.0,200.0,2.333333333333333,10.089480202755327
500.0,1.0,254.0,200.0,2.333333333333333,4.229933604807735
500.0,1.0,275.0,200.0,2.333333333333333,2.8345160692974765
500.0,1.0,297.0,200.0,2.333333333333333,2.30898740818017
500.0,1.0,322.0,200.0,2.333333333333333,1.789519647503749
500.0,1.0,348.0,200.0,2.333333333333333,1.4729882018478504
500.0,1.0,377.0,200.0,2.333333333333333,1.197095850897387
500.0,1.0,408.0,200.0,2.333333333333333,0.9979860053795959
500.0,1.0,442.0,200.0,2.333333333333333,0.8580736088893085
500.0,1.0,479.0,200.0,2.333333333333333,0.7296835058944016
500.0,1.0,518.0,200.0,2.333333333333333,0.6281193692426197
500.0,1.0,561.0,200.0,2.333333333333333,0.5576913292664256
500.0,1.0,608.0,200.0,2.333333333333333,0.4989003909584206
500.0,1.0,658.0,200.0,2.333333333333333,0.4457723170013385
500.0,1.0,712.0,200.0,2.333333333333333,0.39216417005193527
500.0,1.0,771.0,200.0,2.333333333333333,0.3527864206629823
500.0,1.0,835.0,200.0,2.333333333333333,0.30797771326011275
500.0,1.0,904.0,200.0,2.333333333333333,0.2797979217934695
500.0,1.0,979.0,200.0,2.333333333333333,0.2626931724274269
500.0,1.0,1059.0,200.0,2.333333333333333,0.23664379295115445
500.0,1.0,1147.0,200.0,2.333333333333333,0.21043720724972423
500.0,1.0,1242.0,200.0,2.333333333333333,0.1964822332217018
500.0,1.0,1344.0,200.0,2.333333333333333,0.18145788830850398
500.0,1.0,1455.0,200.0,2.333333333333333,2.382993938481576
500.0,1.0,1576.0,200.0,2.333333333333333,3.760202140006742
500.0,1.0,1706.0,200.0,2.333333333333333,2.497167694030114
500.0,1.0,1847.0,200.0,2.333333333333333,2.6560246491923643
500.0,1.0,2000.0,200.0,2.333333333333333,2.598562516314091
500.0,1.0,20.0,200.0,3.6666666666666665,0.13789758671948216
500.0,1.0,21.0,200.0,3.6666666666666665,0.15331728040899484
500.0,1.0,23.0,200.0,3.6666666666666665,0.16399680293697683
500.0,1.0,25.0,200.0,3.6666666666666665,0.16775876850769186
500.0,1.0,27.0,200.0,3.6666666666666665,0.22062861494674038
500.0,1.0,29.0,200.0,3.6666666666666665,0.22435963718593893
500.0,1.0,31.0,200.0,3.6666666666666665,0.22634224825357077
500.0,1.0,34.0,200.0,3.6666666666666665,0.2351546158680073
500.0,1.0,36.0,200.0,3.6666666666666665,0.2738535848359755
500.0,1.0,39.0,200.0,3.6666666666666665,0.26855244757233815
500.0,1.0,43.0,200.0,3.6666666666666665,0.2713635324484023
500.0,1.0,46.0,200.0,3.6666666666666665,0.2820537745014518
500.0,1.0,50.0,200.0,3.6666666666666665,0.3572175034554117
500.0,1.0,54.0,200.0,3.6666666666666665,0.3624098833449461
500.0,1.0,58.0,200.0,3.6666666666666665,0.3667147663002035
500.0,1.0,63.0,200.0,3.6666666666666665,0.45008896485799604
500.0,1.0,68.0,200.0,3.6666666666666665,0.44574470002966726
500.0,1.0,73.0,200.0,3.6666666666666665,0.49365630630594115
500.0,1.0,79.0,200.0,3.6666666666666665,0.5808919653318034
500.0,1.0,85.0,200.0,3.6666666666666665,0.6911450062021619
500.0,1.0,92.0,200.0,3.6666666666666665,0.7845213150929596
500.0,1.0,100.0,200.0,3.6666666666666665,0.786241496630684
500.0,1.0,108.0,200.0,3.6666666666666665,0.7450894440479626
500.0,1.0,116.0,200.0,3.6666666666666665,0.9481075248731915
500.0,1.0,126.0,200.0,3.6666666666666665,1.032275385499192
500.0,1.0,136.0,200.0,3.6666666666666665,1.2286986735337815
500.0,1.0,147.0,200.0,3.6666666666666665,1.8921929117422907
500.0,1.0,158.0,200.0,3.6666666666666665,3.289022067311998
500.0,1.0,171.0,200.0,3.6666666666666665,3.6945619494346174
500.0,1.0,185.0,200.0,3.6666666666666665,20.885913585531643
500.0,1.0,200.0,200.0,3.6666666666666665,1058.105619727141
500.0,1.0,216.0,200.0,3.6666666666666665,17.788763882146192
500.0,1.0,234.0,200.0,3.6666666666666665,10.089655619853465
500.0,1.0,254.0,200.0,3.6666666666666665,4.230111991985304
500.0,1.0,275.0,200.0,3.6666666666666665,2.8346427186184897
500.0,1.0,297.0,200.0,3.6666666666666665,2.3091479735179337
500.0,1.0,322.0,200.0,3.6666666666666665,1.789710555781218
500.0,1.0,348.0,200.0,3.6666666666666665,1.4732022460392373
500.0,1.0,377.0,200.0,3.6666666666666665,1.1973466253514158
500.0,1.0,408.0,200.0,3.6666666666666665,0.9981265435313657
500.0,1.0,442.0,200.0,3.6666666666666665,0.8582678289724567
500.0,1.0,479.0,200.0,3.6666666666666665,0.7299195953813871
500.0,1.0,518.0,200.0,3.6666666666666665,0.6283195575811282
500.0,1.0,561.0,200.0,3.6666666666666665,0.5579356467056028
500.0,1.0,608.0,200.0,3.6666666666666665,0.4991737507350316
500.0,1.0,658.0,200.0,3.6666666666666665,0.4460147733170651
500.0,1.0,712.0,200.0,3.6666666666666665,0.3923806845672354
500.0,1.0,771.0,200.0,3.6666666666666665,0.3531834584989622
500.0,1.0,835.0,200.0,3.6666666666666665,0.3083402476435809
500.0,1.0,904.0,200.0,3.6666666666666665,0.2802863457244789
500.0,1.0,979.0,200.0,3.6666666666666665,0.26328572457245364
500.0,1.0,1059.0,200.0,3.6666666666666665,0.2372384556010931
500.0,1.0,1147.0,200.0,3.6666666666666665,0.2111303864522024
500.0,1.0,1242.0,200.0,3.6666666666666665,0.1973396563201449
500.0,1.0,1344.0,200.0,3.6666666666666665,0.18236592321298792
500.0,1.0,1455.0,200.0,3.6666666666666665,3.6593594323631957
500.0,1.0,1576.0,200.0,3.6666666666666665,5.829471277960211
500.0,1.0,1706.0,200.0,3.6666666666666665,3.8568691737328336
500.0,1.0,1847.0,200.0,3.6666666666666665,4.110239970575535
500.0,1.0,2000.0,200.0,3.6666666666666665,4.026129660655517
500.0,1.0,20.0,200.0,5.0,0.13789758671962454
500.0,1.0,21.0,200.0,5.0,0.15331728040894804
500.0,1.0,23.0,200.0,5.0,0.1639968029367313
500.0,1.0,25.0,200.0,5.0,0.16775876850725752
500.0,1.0,27.0,200.0,5.0,0.2206286149460403
500.0,1.0,29.0,200.0,5.0,0.22435963718576157
500.0,1.0,31.0,200.0,5.0,0.226342248254343
500.0,1.0,34.0,200.0,5.0,0.23515461586772116
500.0,1.0,36.0,200.0,5.0,0.2738535848358209
500.0,1.0,39.0,200.0,5.0,0.26855244757236435
500.0,1.0,43.0,200.0,5.0,0.2713635324476676
500.0,1.0,46.0,200.0,5.0,0.2820537745037083
500.0,1.0,50.0,200.0,5.0,0.3572175034555934
500.0,1.0,54.0,200.0,5.0,0.3624098833461735
500.0,1.0,58.0,200.0,5.0,0.3667147663006849
500.0,1.0,63.0,200.0,5.0,0.4500889648571511
500.0,1.0,68.0,200.0,5.0,0.44574470003030253
500.0,1.0,73.0,200.0,5.0,0.49365630630518625
500.0,1.0,79.0,200.0,5.0,0.5808919653355046
500.0,1.0,85.0,200.0,5.0,0.6911450062058175
500.0,1.0,92.0,200.0,5.0,0.7845213150934691
500.0,1.0,100.0,200.0,5.0,0.7862414966280918
500.0,1.0,108.0,200.0,5.0,0.7450894440461426
500.0,1.0,116.0,200.0,5.0,0.9481075248775589
500.0,1.0,126.0,200.0,5.0,1.0322753854902518
500.0,1.0,136.0,200.0,5.0,1.2286986735492857
500.0,1.0,147.0,200.0,5.0,1.8921929117550527
500.0,1.0,158.0,200.0,5.0,3.2890220673422346
500.0,1.0,171.0,200.0,5.0,3.6945619496227367
500.0,1.0,185.0,200.0,5.0,20.885913585763053
500.0,1.0,200.0,200.0,5.0,1058.1056195064612
500.0,1.0,216.0,200.0,5.0,17.78886879858026
500.0,1.0,234.0,200.0,5.0,10.089801928541567
500.0,1.0,254.0,200.0,5.0,4.23026203165184
500.0,1.0,275.0,200.0,5.0,2.8347504350270314
500.0,1.0,297.0,200.0,5.0,2.309284034631956
500.0,1.0,322.0,200.0,5.0,1.7898723987859528
500.0,1.0,348.0,200.0,5.0,1.4733837875549656
500.0,1.0,377.0,200.0,5.0,1.1975597962477689
500.0,1.0,408.0,200.0,5.0,0.9982491536859092
500.0,1.0,442.0,200.0,5.0,0.8584356959646069
500.0,1.0,479.0,200.0,5.0,0.7301231927864148
500.0,1.0,518.0,200.0,5.0,0.6284955219249945
500.0,1.0,561.0,200.0,5.0,0.5581497995374601
500.0,1.0,608.0,200.0,5.0,0.4994136071183457
500.0,1.0,658.0,200.0,5.0,0.4462312496247966
500.0,1.0,712.0,200.0,5.0,0.39257744612670387
500.0,1.0,771.0,200.0,5.0,0.35353213391767513
500.0,1.0,835.0,200.0,5.0,0.30866302269909823
500.0,1.0,904.0,200.0,5.0,0.28071631047569506
500.0,1.0,979.0,200.0,5.0,0.2638034829304394
500.0,1.0,1059.0,200.0,5.0,0.23775986046475545
500.0,1.0,1147.0,200.0,5.0,0.2117379003240258
500.0,1.0,1242.0,200.0,5.0,0.19808680703443493
500.0,1.0,1344.0,200.0,5.0,0.1831586312077697
500.0,1.0,1455.0,200.0,5.0,4.936631427750407
500.0,1.0,1576.0,200.0,5.0,7.899358248373531
500.0,1.0,1706.0,200.0,5.0,5.21803707696345
500.0,1.0,1847.0,200.0,5.0,5.565583120910508
500.0,1.0,2000.0,200.0,5.0,5.454695523798656
